{
  "attribution": "© OpenStreetMap contributors",
  "features": [
    {
      "geometry": {
        "coordinates": [
          -3.0382722,
          51.5550188
        ],
        "type": "Point"
      },
      "id": "DCGB-OSM-NODE-7778067710",
      "properties": {
        "eligible_for_company_binding": false,
        "facility_identity_status": "SOURCE_ELEMENT_ONLY",
        "lifecycle": "OPERATIONAL_OR_UNSPECIFIED",
        "name_raw": null,
        "operator_raw": null,
        "owner_raw": null,
        "source_attribution": "© OpenStreetMap contributors",
        "source_licence": "ODbL-1.0",
        "source_record_id": "DCGB-OSM-NODE-7778067710",
        "source_url": "https://www.openstreetmap.org/node/7778067710"
      },
      "type": "Feature"
    },
    {
      "geometry": {
        "coordinates": [
          0.1508622,
          52.230127
        ],
        "type": "Point"
      },
      "id": "DCGB-OSM-NODE-7829977772",
      "properties": {
        "eligible_for_company_binding": false,
        "facility_identity_status": "SOURCE_ELEMENT_ONLY",
        "lifecycle": "OPERATIONAL_OR_UNSPECIFIED",
        "name_raw": null,
        "operator_raw": null,
        "owner_raw": null,
        "source_attribution": "© OpenStreetMap contributors",
        "source_licence": "ODbL-1.0",
        "source_record_id": "DCGB-OSM-NODE-7829977772",
        "source_url": "https://www.openstreetmap.org/node/7829977772"
      },
      "type": "Feature"
    },
    {
      "geometry": {
        "coordinates": [
          -0.7662159,
          51.3332585
        ],
        "type": "Point"
      },
      "id": "DCGB-OSM-NODE-8242627702",
      "properties": {
        "eligible_for_company_binding": false,
        "facility_identity_status": "SOURCE_ELEMENT_ONLY",
        "lifecycle": "OPERATIONAL_OR_UNSPECIFIED",
        "name_raw": null,
        "operator_raw": null,
        "owner_raw": null,
        "source_attribution": "© OpenStreetMap contributors",
        "source_licence": "ODbL-1.0",
        "source_record_id": "DCGB-OSM-NODE-8242627702",
        "source_url": "https://www.openstreetmap.org/node/8242627702"
      },
      "type": "Feature"
    },
    {
      "geometry": {
        "coordinates": [
          -1.2456113,
          50.8678009
        ],
        "type": "Point"
      },
      "id": "DCGB-OSM-NODE-8325036723",
      "properties": {
        "eligible_for_company_binding": false,
        "facility_identity_status": "SOURCE_ELEMENT_ONLY",
        "lifecycle": "OPERATIONAL_OR_UNSPECIFIED",
        "name_raw": null,
        "operator_raw": null,
        "owner_raw": null,
        "source_attribution": "© OpenStreetMap contributors",
        "source_licence": "ODbL-1.0",
        "source_record_id": "DCGB-OSM-NODE-8325036723",
        "source_url": "https://www.openstreetmap.org/node/8325036723"
      },
      "type": "Feature"
    },
    {
      "geometry": {
        "coordinates": [
          -2.2699405,
          53.003893
        ],
        "type": "Point"
      },
      "id": "DCGB-OSM-NODE-8721229187",
      "properties": {
        "eligible_for_company_binding": false,
        "facility_identity_status": "SOURCE_ELEMENT_ONLY",
        "lifecycle": "OPERATIONAL_OR_UNSPECIFIED",
        "name_raw": null,
        "operator_raw": null,
        "owner_raw": null,
        "source_attribution": "© OpenStreetMap contributors",
        "source_licence": "ODbL-1.0",
        "source_record_id": "DCGB-OSM-NODE-8721229187",
        "source_url": "https://www.openstreetmap.org/node/8721229187"
      },
      "type": "Feature"
    },
    {
      "geometry": {
        "coordinates": [
          -2.1601492,
          57.1525691
        ],
        "type": "Point"
      },
      "id": "DCGB-OSM-NODE-9253910552",
      "properties": {
        "eligible_for_company_binding": false,
        "facility_identity_status": "SOURCE_ELEMENT_ONLY",
        "lifecycle": "OPERATIONAL_OR_UNSPECIFIED",
        "name_raw": null,
        "operator_raw": null,
        "owner_raw": null,
        "source_attribution": "© OpenStreetMap contributors",
        "source_licence": "ODbL-1.0",
        "source_record_id": "DCGB-OSM-NODE-9253910552",
        "source_url": "https://www.openstreetmap.org/node/9253910552"
      },
      "type": "Feature"
    },
    {
      "geometry": {
        "coordinates": [
          0.6447764,
          51.5701871
        ],
        "type": "Point"
      },
      "id": "DCGB-OSM-NODE-9458930462",
      "properties": {
        "eligible_for_company_binding": false,
        "facility_identity_status": "SOURCE_ELEMENT_ONLY",
        "lifecycle": "OPERATIONAL_OR_UNSPECIFIED",
        "name_raw": null,
        "operator_raw": null,
        "owner_raw": null,
        "source_attribution": "© OpenStreetMap contributors",
        "source_licence": "ODbL-1.0",
        "source_record_id": "DCGB-OSM-NODE-9458930462",
        "source_url": "https://www.openstreetmap.org/node/9458930462"
      },
      "type": "Feature"
    },
    {
      "geometry": {
        "coordinates": [
          -2.9105618,
          51.3580017
        ],
        "type": "Point"
      },
      "id": "DCGB-OSM-NODE-10029665515",
      "properties": {
        "eligible_for_company_binding": false,
        "facility_identity_status": "SOURCE_ELEMENT_ONLY",
        "lifecycle": "OPERATIONAL_OR_UNSPECIFIED",
        "name_raw": null,
        "operator_raw": null,
        "owner_raw": null,
        "source_attribution": "© OpenStreetMap contributors",
        "source_licence": "ODbL-1.0",
        "source_record_id": "DCGB-OSM-NODE-10029665515",
        "source_url": "https://www.openstreetmap.org/node/10029665515"
      },
      "type": "Feature"
    },
    {
      "geometry": {
        "coordinates": [
          -1.4850823,
          53.3808925
        ],
        "type": "Point"
      },
      "id": "DCGB-OSM-NODE-11064014638",
      "properties": {
        "eligible_for_company_binding": false,
        "facility_identity_status": "SOURCE_ELEMENT_ONLY",
        "lifecycle": "OPERATIONAL_OR_UNSPECIFIED",
        "name_raw": null,
        "operator_raw": null,
        "owner_raw": null,
        "source_attribution": "© OpenStreetMap contributors",
        "source_licence": "ODbL-1.0",
        "source_record_id": "DCGB-OSM-NODE-11064014638",
        "source_url": "https://www.openstreetmap.org/node/11064014638"
      },
      "type": "Feature"
    },
    {
      "geometry": {
        "coordinates": [
          -3.0376928,
          51.5556071
        ],
        "type": "Point"
      },
      "id": "DCGB-OSM-NODE-11161995738",
      "properties": {
        "eligible_for_company_binding": false,
        "facility_identity_status": "SOURCE_ELEMENT_ONLY",
        "lifecycle": "OPERATIONAL_OR_UNSPECIFIED",
        "name_raw": null,
        "operator_raw": null,
        "owner_raw": null,
        "source_attribution": "© OpenStreetMap contributors",
        "source_licence": "ODbL-1.0",
        "source_record_id": "DCGB-OSM-NODE-11161995738",
        "source_url": "https://www.openstreetmap.org/node/11161995738"
      },
      "type": "Feature"
    },
    {
      "geometry": {
        "coordinates": [
          -3.2290026,
          51.6293335
        ],
        "type": "Point"
      },
      "id": "DCGB-OSM-NODE-11162004018",
      "properties": {
        "eligible_for_company_binding": false,
        "facility_identity_status": "SOURCE_ELEMENT_ONLY",
        "lifecycle": "OPERATIONAL_OR_UNSPECIFIED",
        "name_raw": null,
        "operator_raw": null,
        "owner_raw": null,
        "source_attribution": "© OpenStreetMap contributors",
        "source_licence": "ODbL-1.0",
        "source_record_id": "DCGB-OSM-NODE-11162004018",
        "source_url": "https://www.openstreetmap.org/node/11162004018"
      },
      "type": "Feature"
    },
    {
      "geometry": {
        "coordinates": [
          -1.4793848,
          53.375805
        ],
        "type": "Point"
      },
      "id": "DCGB-OSM-NODE-11167049138",
      "properties": {
        "eligible_for_company_binding": false,
        "facility_identity_status": "SOURCE_ELEMENT_ONLY",
        "lifecycle": "OPERATIONAL_OR_UNSPECIFIED",
        "name_raw": null,
        "operator_raw": null,
        "owner_raw": null,
        "source_attribution": "© OpenStreetMap contributors",
        "source_licence": "ODbL-1.0",
        "source_record_id": "DCGB-OSM-NODE-11167049138",
        "source_url": "https://www.openstreetmap.org/node/11167049138"
      },
      "type": "Feature"
    },
    {
      "geometry": {
        "coordinates": [
          -0.0009807,
          51.5206017
        ],
        "type": "Point"
      },
      "id": "DCGB-OSM-NODE-11640787539",
      "properties": {
        "eligible_for_company_binding": false,
        "facility_identity_status": "SOURCE_ELEMENT_ONLY",
        "lifecycle": "OPERATIONAL_OR_UNSPECIFIED",
        "name_raw": null,
        "operator_raw": null,
        "owner_raw": null,
        "source_attribution": "© OpenStreetMap contributors",
        "source_licence": "ODbL-1.0",
        "source_record_id": "DCGB-OSM-NODE-11640787539",
        "source_url": "https://www.openstreetmap.org/node/11640787539"
      },
      "type": "Feature"
    },
    {
      "geometry": {
        "coordinates": [
          -0.7820534,
          51.4138607
        ],
        "type": "Point"
      },
      "id": "DCGB-OSM-NODE-11902288339",
      "properties": {
        "eligible_for_company_binding": false,
        "facility_identity_status": "SOURCE_ELEMENT_ONLY",
        "lifecycle": "OPERATIONAL_OR_UNSPECIFIED",
        "name_raw": null,
        "operator_raw": null,
        "owner_raw": null,
        "source_attribution": "© OpenStreetMap contributors",
        "source_licence": "ODbL-1.0",
        "source_record_id": "DCGB-OSM-NODE-11902288339",
        "source_url": "https://www.openstreetmap.org/node/11902288339"
      },
      "type": "Feature"
    },
    {
      "geometry": {
        "coordinates": [
          -1.7641017,
          51.5240279
        ],
        "type": "Point"
      },
      "id": "DCGB-OSM-NODE-11902392009",
      "properties": {
        "eligible_for_company_binding": false,
        "facility_identity_status": "SOURCE_ELEMENT_ONLY",
        "lifecycle": "OPERATIONAL_OR_UNSPECIFIED",
        "name_raw": null,
        "operator_raw": null,
        "owner_raw": null,
        "source_attribution": "© OpenStreetMap contributors",
        "source_licence": "ODbL-1.0",
        "source_record_id": "DCGB-OSM-NODE-11902392009",
        "source_url": "https://www.openstreetmap.org/node/11902392009"
      },
      "type": "Feature"
    },
    {
      "geometry": {
        "coordinates": [
          -3.2939051,
          55.9282626
        ],
        "type": "Point"
      },
      "id": "DCGB-OSM-NODE-12292494768",
      "properties": {
        "eligible_for_company_binding": false,
        "facility_identity_status": "SOURCE_ELEMENT_ONLY",
        "lifecycle": "OPERATIONAL_OR_UNSPECIFIED",
        "name_raw": null,
        "operator_raw": null,
        "owner_raw": null,
        "source_attribution": "© OpenStreetMap contributors",
        "source_licence": "ODbL-1.0",
        "source_record_id": "DCGB-OSM-NODE-12292494768",
        "source_url": "https://www.openstreetmap.org/node/12292494768"
      },
      "type": "Feature"
    },
    {
      "geometry": {
        "coordinates": [
          -4.2651336,
          55.8613892
        ],
        "type": "Point"
      },
      "id": "DCGB-OSM-NODE-12300408592",
      "properties": {
        "eligible_for_company_binding": false,
        "facility_identity_status": "SOURCE_ELEMENT_ONLY",
        "lifecycle": "OPERATIONAL_OR_UNSPECIFIED",
        "name_raw": null,
        "operator_raw": null,
        "owner_raw": null,
        "source_attribution": "© OpenStreetMap contributors",
        "source_licence": "ODbL-1.0",
        "source_record_id": "DCGB-OSM-NODE-12300408592",
        "source_url": "https://www.openstreetmap.org/node/12300408592"
      },
      "type": "Feature"
    },
    {
      "geometry": {
        "coordinates": [
          -2.2363205,
          53.4642039
        ],
        "type": "Point"
      },
      "id": "DCGB-OSM-NODE-12303136063",
      "properties": {
        "eligible_for_company_binding": false,
        "facility_identity_status": "SOURCE_ELEMENT_ONLY",
        "lifecycle": "OPERATIONAL_OR_UNSPECIFIED",
        "name_raw": null,
        "operator_raw": null,
        "owner_raw": null,
        "source_attribution": "© OpenStreetMap contributors",
        "source_licence": "ODbL-1.0",
        "source_record_id": "DCGB-OSM-NODE-12303136063",
        "source_url": "https://www.openstreetmap.org/node/12303136063"
      },
      "type": "Feature"
    },
    {
      "geometry": {
        "coordinates": [
          -2.2377018,
          53.4615004
        ],
        "type": "Point"
      },
      "id": "DCGB-OSM-NODE-12303136064",
      "properties": {
        "eligible_for_company_binding": false,
        "facility_identity_status": "SOURCE_ELEMENT_ONLY",
        "lifecycle": "OPERATIONAL_OR_UNSPECIFIED",
        "name_raw": null,
        "operator_raw": null,
        "owner_raw": null,
        "source_attribution": "© OpenStreetMap contributors",
        "source_licence": "ODbL-1.0",
        "source_record_id": "DCGB-OSM-NODE-12303136064",
        "source_url": "https://www.openstreetmap.org/node/12303136064"
      },
      "type": "Feature"
    },
    {
      "geometry": {
        "coordinates": [
          -1.2521857,
          51.759604
        ],
        "type": "Point"
      },
      "id": "DCGB-OSM-NODE-12512246491",
      "properties": {
        "eligible_for_company_binding": false,
        "facility_identity_status": "SOURCE_ELEMENT_ONLY",
        "lifecycle": "OPERATIONAL_OR_UNSPECIFIED",
        "name_raw": null,
        "operator_raw": null,
        "owner_raw": null,
        "source_attribution": "© OpenStreetMap contributors",
        "source_licence": "ODbL-1.0",
        "source_record_id": "DCGB-OSM-NODE-12512246491",
        "source_url": "https://www.openstreetmap.org/node/12512246491"
      },
      "type": "Feature"
    },
    {
      "geometry": {
        "coordinates": [
          -1.1664407,
          50.8482468
        ],
        "type": "Point"
      },
      "id": "DCGB-OSM-NODE-12641413062",
      "properties": {
        "eligible_for_company_binding": false,
        "facility_identity_status": "SOURCE_ELEMENT_ONLY",
        "lifecycle": "OPERATIONAL_OR_UNSPECIFIED",
        "name_raw": null,
        "operator_raw": null,
        "owner_raw": null,
        "source_attribution": "© OpenStreetMap contributors",
        "source_licence": "ODbL-1.0",
        "source_record_id": "DCGB-OSM-NODE-12641413062",
        "source_url": "https://www.openstreetmap.org/node/12641413062"
      },
      "type": "Feature"
    },
    {
      "geometry": {
        "coordinates": [
          -5.9202218,
          54.6047075
        ],
        "type": "Point"
      },
      "id": "DCGB-OSM-NODE-13179027944",
      "properties": {
        "eligible_for_company_binding": false,
        "facility_identity_status": "SOURCE_ELEMENT_ONLY",
        "lifecycle": "OPERATIONAL_OR_UNSPECIFIED",
        "name_raw": null,
        "operator_raw": null,
        "owner_raw": null,
        "source_attribution": "© OpenStreetMap contributors",
        "source_licence": "ODbL-1.0",
        "source_record_id": "DCGB-OSM-NODE-13179027944",
        "source_url": "https://www.openstreetmap.org/node/13179027944"
      },
      "type": "Feature"
    },
    {
      "geometry": {
        "coordinates": [
          -1.8749448,
          50.7219006
        ],
        "type": "Point"
      },
      "id": "DCGB-OSM-NODE-13596137356",
      "properties": {
        "eligible_for_company_binding": false,
        "facility_identity_status": "SOURCE_ELEMENT_ONLY",
        "lifecycle": "OPERATIONAL_OR_UNSPECIFIED",
        "name_raw": null,
        "operator_raw": null,
        "owner_raw": null,
        "source_attribution": "© OpenStreetMap contributors",
        "source_licence": "ODbL-1.0",
        "source_record_id": "DCGB-OSM-NODE-13596137356",
        "source_url": "https://www.openstreetmap.org/node/13596137356"
      },
      "type": "Feature"
    },
    {
      "geometry": {
        "coordinates": [
          -1.3152153,
          54.5514292
        ],
        "type": "Point"
      },
      "id": "DCGB-OSM-NODE-13655340206",
      "properties": {
        "eligible_for_company_binding": false,
        "facility_identity_status": "SOURCE_ELEMENT_ONLY",
        "lifecycle": "OPERATIONAL_OR_UNSPECIFIED",
        "name_raw": null,
        "operator_raw": null,
        "owner_raw": null,
        "source_attribution": "© OpenStreetMap contributors",
        "source_licence": "ODbL-1.0",
        "source_record_id": "DCGB-OSM-NODE-13655340206",
        "source_url": "https://www.openstreetmap.org/node/13655340206"
      },
      "type": "Feature"
    },
    {
      "geometry": {
        "coordinates": [
          -0.7880689,
          51.2929363
        ],
        "type": "Point"
      },
      "id": "DCGB-OSM-NODE-14056398202",
      "properties": {
        "eligible_for_company_binding": false,
        "facility_identity_status": "SOURCE_ELEMENT_ONLY",
        "lifecycle": "OPERATIONAL_OR_UNSPECIFIED",
        "name_raw": null,
        "operator_raw": null,
        "owner_raw": null,
        "source_attribution": "© OpenStreetMap contributors",
        "source_licence": "ODbL-1.0",
        "source_record_id": "DCGB-OSM-NODE-14056398202",
        "source_url": "https://www.openstreetmap.org/node/14056398202"
      },
      "type": "Feature"
    },
    {
      "geometry": {
        "coordinates": [
          -2.2386018,
          53.4789028
        ],
        "type": "Point"
      },
      "id": "DCGB-OSM-NODE-14056400574",
      "properties": {
        "eligible_for_company_binding": false,
        "facility_identity_status": "SOURCE_ELEMENT_ONLY",
        "lifecycle": "OPERATIONAL_OR_UNSPECIFIED",
        "name_raw": null,
        "operator_raw": null,
        "owner_raw": null,
        "source_attribution": "© OpenStreetMap contributors",
        "source_licence": "ODbL-1.0",
        "source_record_id": "DCGB-OSM-NODE-14056400574",
        "source_url": "https://www.openstreetmap.org/node/14056400574"
      },
      "type": "Feature"
    },
    {
      "geometry": {
        "coordinates": [
          0.5493573,
          51.2799062
        ],
        "type": "Point"
      },
      "id": "DCGB-OSM-NODE-14058270899",
      "properties": {
        "eligible_for_company_binding": false,
        "facility_identity_status": "SOURCE_ELEMENT_ONLY",
        "lifecycle": "OPERATIONAL_OR_UNSPECIFIED",
        "name_raw": null,
        "operator_raw": null,
        "owner_raw": null,
        "source_attribution": "© OpenStreetMap contributors",
        "source_licence": "ODbL-1.0",
        "source_record_id": "DCGB-OSM-NODE-14058270899",
        "source_url": "https://www.openstreetmap.org/node/14058270899"
      },
      "type": "Feature"
    },
    {
      "geometry": {
        "coordinates": [
          -0.9259691,
          51.4614715
        ],
        "type": "Point"
      },
      "id": "DCGB-OSM-NODE-14061667937",
      "properties": {
        "eligible_for_company_binding": false,
        "facility_identity_status": "SOURCE_ELEMENT_ONLY",
        "lifecycle": "OPERATIONAL_OR_UNSPECIFIED",
        "name_raw": null,
        "operator_raw": null,
        "owner_raw": null,
        "source_attribution": "© OpenStreetMap contributors",
        "source_licence": "ODbL-1.0",
        "source_record_id": "DCGB-OSM-NODE-14061667937",
        "source_url": "https://www.openstreetmap.org/node/14061667937"
      },
      "type": "Feature"
    },
    {
      "geometry": {
        "coordinates": [
          -0.27361,
          51.4944095
        ],
        "type": "Point"
      },
      "id": "DCGB-OSM-NODE-14062735949",
      "properties": {
        "eligible_for_company_binding": false,
        "facility_identity_status": "SOURCE_ELEMENT_ONLY",
        "lifecycle": "OPERATIONAL_OR_UNSPECIFIED",
        "name_raw": null,
        "operator_raw": null,
        "owner_raw": null,
        "source_attribution": "© OpenStreetMap contributors",
        "source_licence": "ODbL-1.0",
        "source_record_id": "DCGB-OSM-NODE-14062735949",
        "source_url": "https://www.openstreetmap.org/node/14062735949"
      },
      "type": "Feature"
    },
    {
      "geometry": {
        "coordinates": [
          -0.8873807,
          51.4373456
        ],
        "type": "Point"
      },
      "id": "DCGB-OSM-RELATION-6796766",
      "properties": {
        "eligible_for_company_binding": false,
        "facility_identity_status": "SOURCE_ELEMENT_ONLY",
        "lifecycle": "OPERATIONAL_OR_UNSPECIFIED",
        "name_raw": null,
        "operator_raw": null,
        "owner_raw": null,
        "source_attribution": "© OpenStreetMap contributors",
        "source_licence": "ODbL-1.0",
        "source_record_id": "DCGB-OSM-RELATION-6796766",
        "source_url": "https://www.openstreetmap.org/relation/6796766"
      },
      "type": "Feature"
    },
    {
      "geometry": {
        "coordinates": [
          -0.7960565,
          51.2805849
        ],
        "type": "Point"
      },
      "id": "DCGB-OSM-RELATION-6796887",
      "properties": {
        "eligible_for_company_binding": false,
        "facility_identity_status": "SOURCE_ELEMENT_ONLY",
        "lifecycle": "OPERATIONAL_OR_UNSPECIFIED",
        "name_raw": null,
        "operator_raw": null,
        "owner_raw": null,
        "source_attribution": "© OpenStreetMap contributors",
        "source_licence": "ODbL-1.0",
        "source_record_id": "DCGB-OSM-RELATION-6796887",
        "source_url": "https://www.openstreetmap.org/relation/6796887"
      },
      "type": "Feature"
    },
    {
      "geometry": {
        "coordinates": [
          -3.2933933,
          55.9297598
        ],
        "type": "Point"
      },
      "id": "DCGB-OSM-RELATION-18217492",
      "properties": {
        "eligible_for_company_binding": false,
        "facility_identity_status": "SOURCE_ELEMENT_ONLY",
        "lifecycle": "OPERATIONAL_OR_UNSPECIFIED",
        "name_raw": null,
        "operator_raw": null,
        "owner_raw": null,
        "source_attribution": "© OpenStreetMap contributors",
        "source_licence": "ODbL-1.0",
        "source_record_id": "DCGB-OSM-RELATION-18217492",
        "source_url": "https://www.openstreetmap.org/relation/18217492"
      },
      "type": "Feature"
    },
    {
      "geometry": {
        "coordinates": [
          -0.2690946,
          51.5381125
        ],
        "type": "Point"
      },
      "id": "DCGB-OSM-WAY-10708918",
      "properties": {
        "eligible_for_company_binding": false,
        "facility_identity_status": "SOURCE_ELEMENT_ONLY",
        "lifecycle": "PROPOSED",
        "name_raw": null,
        "operator_raw": null,
        "owner_raw": null,
        "source_attribution": "© OpenStreetMap contributors",
        "source_licence": "ODbL-1.0",
        "source_record_id": "DCGB-OSM-WAY-10708918",
        "source_url": "https://www.openstreetmap.org/way/10708918"
      },
      "type": "Feature"
    },
    {
      "geometry": {
        "coordinates": [
          -1.4273241,
          50.9616793
        ],
        "type": "Point"
      },
      "id": "DCGB-OSM-WAY-15516422",
      "properties": {
        "eligible_for_company_binding": false,
        "facility_identity_status": "SOURCE_ELEMENT_ONLY",
        "lifecycle": "OPERATIONAL_OR_UNSPECIFIED",
        "name_raw": null,
        "operator_raw": null,
        "owner_raw": null,
        "source_attribution": "© OpenStreetMap contributors",
        "source_licence": "ODbL-1.0",
        "source_record_id": "DCGB-OSM-WAY-15516422",
        "source_url": "https://www.openstreetmap.org/way/15516422"
      },
      "type": "Feature"
    },
    {
      "geometry": {
        "coordinates": [
          -2.5817485,
          51.5406763
        ],
        "type": "Point"
      },
      "id": "DCGB-OSM-WAY-17663535",
      "properties": {
        "eligible_for_company_binding": false,
        "facility_identity_status": "SOURCE_ELEMENT_ONLY",
        "lifecycle": "OPERATIONAL_OR_UNSPECIFIED",
        "name_raw": null,
        "operator_raw": null,
        "owner_raw": null,
        "source_attribution": "© OpenStreetMap contributors",
        "source_licence": "ODbL-1.0",
        "source_record_id": "DCGB-OSM-WAY-17663535",
        "source_url": "https://www.openstreetmap.org/way/17663535"
      },
      "type": "Feature"
    },
    {
      "geometry": {
        "coordinates": [
          -0.4603496,
          51.4816653
        ],
        "type": "Point"
      },
      "id": "DCGB-OSM-WAY-23439047",
      "properties": {
        "eligible_for_company_binding": false,
        "facility_identity_status": "SOURCE_ELEMENT_ONLY",
        "lifecycle": "OPERATIONAL_OR_UNSPECIFIED",
        "name_raw": null,
        "operator_raw": null,
        "owner_raw": null,
        "source_attribution": "© OpenStreetMap contributors",
        "source_licence": "ODbL-1.0",
        "source_record_id": "DCGB-OSM-WAY-23439047",
        "source_url": "https://www.openstreetmap.org/way/23439047"
      },
      "type": "Feature"
    },
    {
      "geometry": {
        "coordinates": [
          -0.1359021,
          51.3839823
        ],
        "type": "Point"
      },
      "id": "DCGB-OSM-WAY-23571722",
      "properties": {
        "eligible_for_company_binding": false,
        "facility_identity_status": "SOURCE_ELEMENT_ONLY",
        "lifecycle": "OPERATIONAL_OR_UNSPECIFIED",
        "name_raw": null,
        "operator_raw": null,
        "owner_raw": null,
        "source_attribution": "© OpenStreetMap contributors",
        "source_licence": "ODbL-1.0",
        "source_record_id": "DCGB-OSM-WAY-23571722",
        "source_url": "https://www.openstreetmap.org/way/23571722"
      },
      "type": "Feature"
    },
    {
      "geometry": {
        "coordinates": [
          -0.1374049,
          51.3845572
        ],
        "type": "Point"
      },
      "id": "DCGB-OSM-WAY-23571724",
      "properties": {
        "eligible_for_company_binding": false,
        "facility_identity_status": "SOURCE_ELEMENT_ONLY",
        "lifecycle": "OPERATIONAL_OR_UNSPECIFIED",
        "name_raw": null,
        "operator_raw": null,
        "owner_raw": null,
        "source_attribution": "© OpenStreetMap contributors",
        "source_licence": "ODbL-1.0",
        "source_record_id": "DCGB-OSM-WAY-23571724",
        "source_url": "https://www.openstreetmap.org/way/23571724"
      },
      "type": "Feature"
    },
    {
      "geometry": {
        "coordinates": [
          -0.1758407,
          51.1324806
        ],
        "type": "Point"
      },
      "id": "DCGB-OSM-WAY-23674117",
      "properties": {
        "eligible_for_company_binding": false,
        "facility_identity_status": "SOURCE_ELEMENT_ONLY",
        "lifecycle": "OPERATIONAL_OR_UNSPECIFIED",
        "name_raw": null,
        "operator_raw": null,
        "owner_raw": null,
        "source_attribution": "© OpenStreetMap contributors",
        "source_licence": "ODbL-1.0",
        "source_record_id": "DCGB-OSM-WAY-23674117",
        "source_url": "https://www.openstreetmap.org/way/23674117"
      },
      "type": "Feature"
    },
    {
      "geometry": {
        "coordinates": [
          -3.0373944,
          51.5554234
        ],
        "type": "Point"
      },
      "id": "DCGB-OSM-WAY-26794336",
      "properties": {
        "eligible_for_company_binding": false,
        "facility_identity_status": "SOURCE_ELEMENT_ONLY",
        "lifecycle": "OPERATIONAL_OR_UNSPECIFIED",
        "name_raw": null,
        "operator_raw": null,
        "owner_raw": null,
        "source_attribution": "© OpenStreetMap contributors",
        "source_licence": "ODbL-1.0",
        "source_record_id": "DCGB-OSM-WAY-26794336",
        "source_url": "https://www.openstreetmap.org/way/26794336"
      },
      "type": "Feature"
    },
    {
      "geometry": {
        "coordinates": [
          -0.2730223,
          51.5292302
        ],
        "type": "Point"
      },
      "id": "DCGB-OSM-WAY-27618472",
      "properties": {
        "eligible_for_company_binding": false,
        "facility_identity_status": "SOURCE_ELEMENT_ONLY",
        "lifecycle": "OPERATIONAL_OR_UNSPECIFIED",
        "name_raw": null,
        "operator_raw": null,
        "owner_raw": null,
        "source_attribution": "© OpenStreetMap contributors",
        "source_licence": "ODbL-1.0",
        "source_record_id": "DCGB-OSM-WAY-27618472",
        "source_url": "https://www.openstreetmap.org/way/27618472"
      },
      "type": "Feature"
    },
    {
      "geometry": {
        "coordinates": [
          -0.2742813,
          51.529043
        ],
        "type": "Point"
      },
      "id": "DCGB-OSM-WAY-27618478",
      "properties": {
        "eligible_for_company_binding": false,
        "facility_identity_status": "SOURCE_ELEMENT_ONLY",
        "lifecycle": "OPERATIONAL_OR_UNSPECIFIED",
        "name_raw": null,
        "operator_raw": null,
        "owner_raw": null,
        "source_attribution": "© OpenStreetMap contributors",
        "source_licence": "ODbL-1.0",
        "source_record_id": "DCGB-OSM-WAY-27618478",
        "source_url": "https://www.openstreetmap.org/way/27618478"
      },
      "type": "Feature"
    },
    {
      "geometry": {
        "coordinates": [
          -0.2778211,
          51.528887
        ],
        "type": "Point"
      },
      "id": "DCGB-OSM-WAY-27618500",
      "properties": {
        "eligible_for_company_binding": false,
        "facility_identity_status": "SOURCE_ELEMENT_ONLY",
        "lifecycle": "OPERATIONAL_OR_UNSPECIFIED",
        "name_raw": null,
        "operator_raw": null,
        "owner_raw": null,
        "source_attribution": "© OpenStreetMap contributors",
        "source_licence": "ODbL-1.0",
        "source_record_id": "DCGB-OSM-WAY-27618500",
        "source_url": "https://www.openstreetmap.org/way/27618500"
      },
      "type": "Feature"
    },
    {
      "geometry": {
        "coordinates": [
          -0.2911225,
          51.3683288
        ],
        "type": "Point"
      },
      "id": "DCGB-OSM-WAY-27756169",
      "properties": {
        "eligible_for_company_binding": false,
        "facility_identity_status": "SOURCE_ELEMENT_ONLY",
        "lifecycle": "OPERATIONAL_OR_UNSPECIFIED",
        "name_raw": null,
        "operator_raw": null,
        "owner_raw": null,
        "source_attribution": "© OpenStreetMap contributors",
        "source_licence": "ODbL-1.0",
        "source_record_id": "DCGB-OSM-WAY-27756169",
        "source_url": "https://www.openstreetmap.org/way/27756169"
      },
      "type": "Feature"
    },
    {
      "geometry": {
        "coordinates": [
          -1.246002,
          50.8679793
        ],
        "type": "Point"
      },
      "id": "DCGB-OSM-WAY-28073975",
      "properties": {
        "eligible_for_company_binding": false,
        "facility_identity_status": "SOURCE_ELEMENT_ONLY",
        "lifecycle": "OPERATIONAL_OR_UNSPECIFIED",
        "name_raw": null,
        "operator_raw": null,
        "owner_raw": null,
        "source_attribution": "© OpenStreetMap contributors",
        "source_licence": "ODbL-1.0",
        "source_record_id": "DCGB-OSM-WAY-28073975",
        "source_url": "https://www.openstreetmap.org/way/28073975"
      },
      "type": "Feature"
    },
    {
      "geometry": {
        "coordinates": [
          -1.2471827,
          50.8683934
        ],
        "type": "Point"
      },
      "id": "DCGB-OSM-WAY-28074414",
      "properties": {
        "eligible_for_company_binding": false,
        "facility_identity_status": "SOURCE_ELEMENT_ONLY",
        "lifecycle": "OPERATIONAL_OR_UNSPECIFIED",
        "name_raw": null,
        "operator_raw": null,
        "owner_raw": null,
        "source_attribution": "© OpenStreetMap contributors",
        "source_licence": "ODbL-1.0",
        "source_record_id": "DCGB-OSM-WAY-28074414",
        "source_url": "https://www.openstreetmap.org/way/28074414"
      },
      "type": "Feature"
    },
    {
      "geometry": {
        "coordinates": [
          0.2580033,
          51.4533805
        ],
        "type": "Point"
      },
      "id": "DCGB-OSM-WAY-28093960",
      "properties": {
        "eligible_for_company_binding": false,
        "facility_identity_status": "SOURCE_ELEMENT_ONLY",
        "lifecycle": "OPERATIONAL_OR_UNSPECIFIED",
        "name_raw": null,
        "operator_raw": null,
        "owner_raw": null,
        "source_attribution": "© OpenStreetMap contributors",
        "source_licence": "ODbL-1.0",
        "source_record_id": "DCGB-OSM-WAY-28093960",
        "source_url": "https://www.openstreetmap.org/way/28093960"
      },
      "type": "Feature"
    },
    {
      "geometry": {
        "coordinates": [
          0.1667209,
          51.4915116
        ],
        "type": "Point"
      },
      "id": "DCGB-OSM-WAY-29120456",
      "properties": {
        "eligible_for_company_binding": false,
        "facility_identity_status": "SOURCE_ELEMENT_ONLY",
        "lifecycle": "OPERATIONAL_OR_UNSPECIFIED",
        "name_raw": null,
        "operator_raw": null,
        "owner_raw": null,
        "source_attribution": "© OpenStreetMap contributors",
        "source_licence": "ODbL-1.0",
        "source_record_id": "DCGB-OSM-WAY-29120456",
        "source_url": "https://www.openstreetmap.org/way/29120456"
      },
      "type": "Feature"
    },
    {
      "geometry": {
        "coordinates": [
          -2.6297586,
          53.4148556
        ],
        "type": "Point"
      },
      "id": "DCGB-OSM-WAY-30914305",
      "properties": {
        "eligible_for_company_binding": false,
        "facility_identity_status": "SOURCE_ELEMENT_ONLY",
        "lifecycle": "OPERATIONAL_OR_UNSPECIFIED",
        "name_raw": null,
        "operator_raw": null,
        "owner_raw": null,
        "source_attribution": "© OpenStreetMap contributors",
        "source_licence": "ODbL-1.0",
        "source_record_id": "DCGB-OSM-WAY-30914305",
        "source_url": "https://www.openstreetmap.org/way/30914305"
      },
      "type": "Feature"
    },
    {
      "geometry": {
        "coordinates": [
          -2.6013747,
          53.4205254
        ],
        "type": "Point"
      },
      "id": "DCGB-OSM-WAY-30925979",
      "properties": {
        "eligible_for_company_binding": false,
        "facility_identity_status": "SOURCE_ELEMENT_ONLY",
        "lifecycle": "OPERATIONAL_OR_UNSPECIFIED",
        "name_raw": null,
        "operator_raw": null,
        "owner_raw": null,
        "source_attribution": "© OpenStreetMap contributors",
        "source_licence": "ODbL-1.0",
        "source_record_id": "DCGB-OSM-WAY-30925979",
        "source_url": "https://www.openstreetmap.org/way/30925979"
      },
      "type": "Feature"
    },
    {
      "geometry": {
        "coordinates": [
          -2.7340658,
          53.3226483
        ],
        "type": "Point"
      },
      "id": "DCGB-OSM-WAY-32295873",
      "properties": {
        "eligible_for_company_binding": false,
        "facility_identity_status": "SOURCE_ELEMENT_ONLY",
        "lifecycle": "OPERATIONAL_OR_UNSPECIFIED",
        "name_raw": null,
        "operator_raw": null,
        "owner_raw": null,
        "source_attribution": "© OpenStreetMap contributors",
        "source_licence": "ODbL-1.0",
        "source_record_id": "DCGB-OSM-WAY-32295873",
        "source_url": "https://www.openstreetmap.org/way/32295873"
      },
      "type": "Feature"
    },
    {
      "geometry": {
        "coordinates": [
          -0.1008144,
          51.5235766
        ],
        "type": "Point"
      },
      "id": "DCGB-OSM-WAY-33503496",
      "properties": {
        "eligible_for_company_binding": false,
        "facility_identity_status": "SOURCE_ELEMENT_ONLY",
        "lifecycle": "OPERATIONAL_OR_UNSPECIFIED",
        "name_raw": null,
        "operator_raw": null,
        "owner_raw": null,
        "source_attribution": "© OpenStreetMap contributors",
        "source_licence": "ODbL-1.0",
        "source_record_id": "DCGB-OSM-WAY-33503496",
        "source_url": "https://www.openstreetmap.org/way/33503496"
      },
      "type": "Feature"
    },
    {
      "geometry": {
        "coordinates": [
          -0.0023135,
          51.5111949
        ],
        "type": "Point"
      },
      "id": "DCGB-OSM-WAY-34160179",
      "properties": {
        "eligible_for_company_binding": false,
        "facility_identity_status": "SOURCE_ELEMENT_ONLY",
        "lifecycle": "OPERATIONAL_OR_UNSPECIFIED",
        "name_raw": null,
        "operator_raw": null,
        "owner_raw": null,
        "source_attribution": "© OpenStreetMap contributors",
        "source_licence": "ODbL-1.0",
        "source_record_id": "DCGB-OSM-WAY-34160179",
        "source_url": "https://www.openstreetmap.org/way/34160179"
      },
      "type": "Feature"
    },
    {
      "geometry": {
        "coordinates": [
          -0.5880547,
          51.3238402
        ],
        "type": "Point"
      },
      "id": "DCGB-OSM-WAY-34520874",
      "properties": {
        "eligible_for_company_binding": false,
        "facility_identity_status": "SOURCE_ELEMENT_ONLY",
        "lifecycle": "OPERATIONAL_OR_UNSPECIFIED",
        "name_raw": null,
        "operator_raw": null,
        "owner_raw": null,
        "source_attribution": "© OpenStreetMap contributors",
        "source_licence": "ODbL-1.0",
        "source_record_id": "DCGB-OSM-WAY-34520874",
        "source_url": "https://www.openstreetmap.org/way/34520874"
      },
      "type": "Feature"
    },
    {
      "geometry": {
        "coordinates": [
          -0.4124311,
          51.5033505
        ],
        "type": "Point"
      },
      "id": "DCGB-OSM-WAY-37867853",
      "properties": {
        "eligible_for_company_binding": false,
        "facility_identity_status": "SOURCE_ELEMENT_ONLY",
        "lifecycle": "PROPOSED",
        "name_raw": null,
        "operator_raw": null,
        "owner_raw": null,
        "source_attribution": "© OpenStreetMap contributors",
        "source_licence": "ODbL-1.0",
        "source_record_id": "DCGB-OSM-WAY-37867853",
        "source_url": "https://www.openstreetmap.org/way/37867853"
      },
      "type": "Feature"
    },
    {
      "geometry": {
        "coordinates": [
          -0.4288873,
          51.5013691
        ],
        "type": "Point"
      },
      "id": "DCGB-OSM-WAY-37868350",
      "properties": {
        "eligible_for_company_binding": false,
        "facility_identity_status": "SOURCE_ELEMENT_ONLY",
        "lifecycle": "OPERATIONAL_OR_UNSPECIFIED",
        "name_raw": null,
        "operator_raw": null,
        "owner_raw": null,
        "source_attribution": "© OpenStreetMap contributors",
        "source_licence": "ODbL-1.0",
        "source_record_id": "DCGB-OSM-WAY-37868350",
        "source_url": "https://www.openstreetmap.org/way/37868350"
      },
      "type": "Feature"
    },
    {
      "geometry": {
        "coordinates": [
          -3.2938083,
          55.9296911
        ],
        "type": "Point"
      },
      "id": "DCGB-OSM-WAY-37943653",
      "properties": {
        "eligible_for_company_binding": false,
        "facility_identity_status": "SOURCE_ELEMENT_ONLY",
        "lifecycle": "OPERATIONAL_OR_UNSPECIFIED",
        "name_raw": null,
        "operator_raw": null,
        "owner_raw": null,
        "source_attribution": "© OpenStreetMap contributors",
        "source_licence": "ODbL-1.0",
        "source_record_id": "DCGB-OSM-WAY-37943653",
        "source_url": "https://www.openstreetmap.org/way/37943653"
      },
      "type": "Feature"
    },
    {
      "geometry": {
        "coordinates": [
          -3.2926708,
          55.9298918
        ],
        "type": "Point"
      },
      "id": "DCGB-OSM-WAY-37943663",
      "properties": {
        "eligible_for_company_binding": false,
        "facility_identity_status": "SOURCE_ELEMENT_ONLY",
        "lifecycle": "OPERATIONAL_OR_UNSPECIFIED",
        "name_raw": null,
        "operator_raw": null,
        "owner_raw": null,
        "source_attribution": "© OpenStreetMap contributors",
        "source_licence": "ODbL-1.0",
        "source_record_id": "DCGB-OSM-WAY-37943663",
        "source_url": "https://www.openstreetmap.org/way/37943663"
      },
      "type": "Feature"
    },
    {
      "geometry": {
        "coordinates": [
          -0.58812,
          51.5120622
        ],
        "type": "Point"
      },
      "id": "DCGB-OSM-WAY-37960145",
      "properties": {
        "eligible_for_company_binding": false,
        "facility_identity_status": "SOURCE_ELEMENT_ONLY",
        "lifecycle": "OPERATIONAL_OR_UNSPECIFIED",
        "name_raw": null,
        "operator_raw": null,
        "owner_raw": null,
        "source_attribution": "© OpenStreetMap contributors",
        "source_licence": "ODbL-1.0",
        "source_record_id": "DCGB-OSM-WAY-37960145",
        "source_url": "https://www.openstreetmap.org/way/37960145"
      },
      "type": "Feature"
    },
    {
      "geometry": {
        "coordinates": [
          -0.2308517,
          51.568191
        ],
        "type": "Point"
      },
      "id": "DCGB-OSM-WAY-38242832",
      "properties": {
        "eligible_for_company_binding": false,
        "facility_identity_status": "SOURCE_ELEMENT_ONLY",
        "lifecycle": "OPERATIONAL_OR_UNSPECIFIED",
        "name_raw": null,
        "operator_raw": null,
        "owner_raw": null,
        "source_attribution": "© OpenStreetMap contributors",
        "source_licence": "ODbL-1.0",
        "source_record_id": "DCGB-OSM-WAY-38242832",
        "source_url": "https://www.openstreetmap.org/way/38242832"
      },
      "type": "Feature"
    },
    {
      "geometry": {
        "coordinates": [
          -0.2371879,
          51.5706229
        ],
        "type": "Point"
      },
      "id": "DCGB-OSM-WAY-38246899",
      "properties": {
        "eligible_for_company_binding": false,
        "facility_identity_status": "SOURCE_ELEMENT_ONLY",
        "lifecycle": "OPERATIONAL_OR_UNSPECIFIED",
        "name_raw": null,
        "operator_raw": null,
        "owner_raw": null,
        "source_attribution": "© OpenStreetMap contributors",
        "source_licence": "ODbL-1.0",
        "source_record_id": "DCGB-OSM-WAY-38246899",
        "source_url": "https://www.openstreetmap.org/way/38246899"
      },
      "type": "Feature"
    },
    {
      "geometry": {
        "coordinates": [
          -1.1449628,
          52.8796234
        ],
        "type": "Point"
      },
      "id": "DCGB-OSM-WAY-38575403",
      "properties": {
        "eligible_for_company_binding": false,
        "facility_identity_status": "SOURCE_ELEMENT_ONLY",
        "lifecycle": "OPERATIONAL_OR_UNSPECIFIED",
        "name_raw": null,
        "operator_raw": null,
        "owner_raw": null,
        "source_attribution": "© OpenStreetMap contributors",
        "source_licence": "ODbL-1.0",
        "source_record_id": "DCGB-OSM-WAY-38575403",
        "source_url": "https://www.openstreetmap.org/way/38575403"
      },
      "type": "Feature"
    },
    {
      "geometry": {
        "coordinates": [
          -0.1803439,
          51.5189837
        ],
        "type": "Point"
      },
      "id": "DCGB-OSM-WAY-42031440",
      "properties": {
        "eligible_for_company_binding": false,
        "facility_identity_status": "SOURCE_ELEMENT_ONLY",
        "lifecycle": "OPERATIONAL_OR_UNSPECIFIED",
        "name_raw": null,
        "operator_raw": null,
        "owner_raw": null,
        "source_attribution": "© OpenStreetMap contributors",
        "source_licence": "ODbL-1.0",
        "source_record_id": "DCGB-OSM-WAY-42031440",
        "source_url": "https://www.openstreetmap.org/way/42031440"
      },
      "type": "Feature"
    },
    {
      "geometry": {
        "coordinates": [
          -0.1503563,
          51.6514619
        ],
        "type": "Point"
      },
      "id": "DCGB-OSM-WAY-43126267",
      "properties": {
        "eligible_for_company_binding": false,
        "facility_identity_status": "SOURCE_ELEMENT_ONLY",
        "lifecycle": "OPERATIONAL_OR_UNSPECIFIED",
        "name_raw": null,
        "operator_raw": null,
        "owner_raw": null,
        "source_attribution": "© OpenStreetMap contributors",
        "source_licence": "ODbL-1.0",
        "source_record_id": "DCGB-OSM-WAY-43126267",
        "source_url": "https://www.openstreetmap.org/way/43126267"
      },
      "type": "Feature"
    },
    {
      "geometry": {
        "coordinates": [
          -0.1000954,
          51.5289786
        ],
        "type": "Point"
      },
      "id": "DCGB-OSM-WAY-44107140",
      "properties": {
        "eligible_for_company_binding": false,
        "facility_identity_status": "SOURCE_ELEMENT_ONLY",
        "lifecycle": "OPERATIONAL_OR_UNSPECIFIED",
        "name_raw": null,
        "operator_raw": null,
        "owner_raw": null,
        "source_attribution": "© OpenStreetMap contributors",
        "source_licence": "ODbL-1.0",
        "source_record_id": "DCGB-OSM-WAY-44107140",
        "source_url": "https://www.openstreetmap.org/way/44107140"
      },
      "type": "Feature"
    },
    {
      "geometry": {
        "coordinates": [
          -0.3963834,
          51.4666236
        ],
        "type": "Point"
      },
      "id": "DCGB-OSM-WAY-44610344",
      "properties": {
        "eligible_for_company_binding": false,
        "facility_identity_status": "SOURCE_ELEMENT_ONLY",
        "lifecycle": "OPERATIONAL_OR_UNSPECIFIED",
        "name_raw": null,
        "operator_raw": null,
        "owner_raw": null,
        "source_attribution": "© OpenStreetMap contributors",
        "source_licence": "ODbL-1.0",
        "source_record_id": "DCGB-OSM-WAY-44610344",
        "source_url": "https://www.openstreetmap.org/way/44610344"
      },
      "type": "Feature"
    },
    {
      "geometry": {
        "coordinates": [
          -0.2558878,
          51.5314309
        ],
        "type": "Point"
      },
      "id": "DCGB-OSM-WAY-45131691",
      "properties": {
        "eligible_for_company_binding": false,
        "facility_identity_status": "SOURCE_ELEMENT_ONLY",
        "lifecycle": "OPERATIONAL_OR_UNSPECIFIED",
        "name_raw": null,
        "operator_raw": null,
        "owner_raw": null,
        "source_attribution": "© OpenStreetMap contributors",
        "source_licence": "ODbL-1.0",
        "source_record_id": "DCGB-OSM-WAY-45131691",
        "source_url": "https://www.openstreetmap.org/way/45131691"
      },
      "type": "Feature"
    },
    {
      "geometry": {
        "coordinates": [
          -0.7082525,
          51.5003153
        ],
        "type": "Point"
      },
      "id": "DCGB-OSM-WAY-49602062",
      "properties": {
        "eligible_for_company_binding": false,
        "facility_identity_status": "SOURCE_ELEMENT_ONLY",
        "lifecycle": "OPERATIONAL_OR_UNSPECIFIED",
        "name_raw": null,
        "operator_raw": null,
        "owner_raw": null,
        "source_attribution": "© OpenStreetMap contributors",
        "source_licence": "ODbL-1.0",
        "source_record_id": "DCGB-OSM-WAY-49602062",
        "source_url": "https://www.openstreetmap.org/way/49602062"
      },
      "type": "Feature"
    },
    {
      "geometry": {
        "coordinates": [
          -0.7083993,
          51.4996939
        ],
        "type": "Point"
      },
      "id": "DCGB-OSM-WAY-49602063",
      "properties": {
        "eligible_for_company_binding": false,
        "facility_identity_status": "SOURCE_ELEMENT_ONLY",
        "lifecycle": "OPERATIONAL_OR_UNSPECIFIED",
        "name_raw": null,
        "operator_raw": null,
        "owner_raw": null,
        "source_attribution": "© OpenStreetMap contributors",
        "source_licence": "ODbL-1.0",
        "source_record_id": "DCGB-OSM-WAY-49602063",
        "source_url": "https://www.openstreetmap.org/way/49602063"
      },
      "type": "Feature"
    },
    {
      "geometry": {
        "coordinates": [
          -0.7254074,
          51.5287467
        ],
        "type": "Point"
      },
      "id": "DCGB-OSM-WAY-49695385",
      "properties": {
        "eligible_for_company_binding": false,
        "facility_identity_status": "SOURCE_ELEMENT_ONLY",
        "lifecycle": "OPERATIONAL_OR_UNSPECIFIED",
        "name_raw": null,
        "operator_raw": null,
        "owner_raw": null,
        "source_attribution": "© OpenStreetMap contributors",
        "source_licence": "ODbL-1.0",
        "source_record_id": "DCGB-OSM-WAY-49695385",
        "source_url": "https://www.openstreetmap.org/way/49695385"
      },
      "type": "Feature"
    },
    {
      "geometry": {
        "coordinates": [
          0.2700957,
          51.4811413
        ],
        "type": "Point"
      },
      "id": "DCGB-OSM-WAY-53045250",
      "properties": {
        "eligible_for_company_binding": false,
        "facility_identity_status": "SOURCE_ELEMENT_ONLY",
        "lifecycle": "OPERATIONAL_OR_UNSPECIFIED",
        "name_raw": null,
        "operator_raw": null,
        "owner_raw": null,
        "source_attribution": "© OpenStreetMap contributors",
        "source_licence": "ODbL-1.0",
        "source_record_id": "DCGB-OSM-WAY-53045250",
        "source_url": "https://www.openstreetmap.org/way/53045250"
      },
      "type": "Feature"
    },
    {
      "geometry": {
        "coordinates": [
          -0.4799467,
          51.3475652
        ],
        "type": "Point"
      },
      "id": "DCGB-OSM-WAY-55873731",
      "properties": {
        "eligible_for_company_binding": false,
        "facility_identity_status": "SOURCE_ELEMENT_ONLY",
        "lifecycle": "OPERATIONAL_OR_UNSPECIFIED",
        "name_raw": null,
        "operator_raw": null,
        "owner_raw": null,
        "source_attribution": "© OpenStreetMap contributors",
        "source_licence": "ODbL-1.0",
        "source_record_id": "DCGB-OSM-WAY-55873731",
        "source_url": "https://www.openstreetmap.org/way/55873731"
      },
      "type": "Feature"
    },
    {
      "geometry": {
        "coordinates": [
          -1.3976736,
          53.6993157
        ],
        "type": "Point"
      },
      "id": "DCGB-OSM-WAY-57977045",
      "properties": {
        "eligible_for_company_binding": false,
        "facility_identity_status": "SOURCE_ELEMENT_ONLY",
        "lifecycle": "OPERATIONAL_OR_UNSPECIFIED",
        "name_raw": null,
        "operator_raw": null,
        "owner_raw": null,
        "source_attribution": "© OpenStreetMap contributors",
        "source_licence": "ODbL-1.0",
        "source_record_id": "DCGB-OSM-WAY-57977045",
        "source_url": "https://www.openstreetmap.org/way/57977045"
      },
      "type": "Feature"
    },
    {
      "geometry": {
        "coordinates": [
          -2.2475306,
          53.4644923
        ],
        "type": "Point"
      },
      "id": "DCGB-OSM-WAY-59191365",
      "properties": {
        "eligible_for_company_binding": false,
        "facility_identity_status": "SOURCE_ELEMENT_ONLY",
        "lifecycle": "OPERATIONAL_OR_UNSPECIFIED",
        "name_raw": null,
        "operator_raw": null,
        "owner_raw": null,
        "source_attribution": "© OpenStreetMap contributors",
        "source_licence": "ODbL-1.0",
        "source_record_id": "DCGB-OSM-WAY-59191365",
        "source_url": "https://www.openstreetmap.org/way/59191365"
      },
      "type": "Feature"
    },
    {
      "geometry": {
        "coordinates": [
          -3.2962233,
          55.9257236
        ],
        "type": "Point"
      },
      "id": "DCGB-OSM-WAY-61123230",
      "properties": {
        "eligible_for_company_binding": false,
        "facility_identity_status": "SOURCE_ELEMENT_ONLY",
        "lifecycle": "OPERATIONAL_OR_UNSPECIFIED",
        "name_raw": null,
        "operator_raw": null,
        "owner_raw": null,
        "source_attribution": "© OpenStreetMap contributors",
        "source_licence": "ODbL-1.0",
        "source_record_id": "DCGB-OSM-WAY-61123230",
        "source_url": "https://www.openstreetmap.org/way/61123230"
      },
      "type": "Feature"
    },
    {
      "geometry": {
        "coordinates": [
          -0.4427836,
          51.7647283
        ],
        "type": "Point"
      },
      "id": "DCGB-OSM-WAY-61995368",
      "properties": {
        "eligible_for_company_binding": false,
        "facility_identity_status": "SOURCE_ELEMENT_ONLY",
        "lifecycle": "OPERATIONAL_OR_UNSPECIFIED",
        "name_raw": null,
        "operator_raw": null,
        "owner_raw": null,
        "source_attribution": "© OpenStreetMap contributors",
        "source_licence": "ODbL-1.0",
        "source_record_id": "DCGB-OSM-WAY-61995368",
        "source_url": "https://www.openstreetmap.org/way/61995368"
      },
      "type": "Feature"
    },
    {
      "geometry": {
        "coordinates": [
          -0.9414155,
          51.4569277
        ],
        "type": "Point"
      },
      "id": "DCGB-OSM-WAY-63983065",
      "properties": {
        "eligible_for_company_binding": false,
        "facility_identity_status": "SOURCE_ELEMENT_ONLY",
        "lifecycle": "OPERATIONAL_OR_UNSPECIFIED",
        "name_raw": null,
        "operator_raw": null,
        "owner_raw": null,
        "source_attribution": "© OpenStreetMap contributors",
        "source_licence": "ODbL-1.0",
        "source_record_id": "DCGB-OSM-WAY-63983065",
        "source_url": "https://www.openstreetmap.org/way/63983065"
      },
      "type": "Feature"
    },
    {
      "geometry": {
        "coordinates": [
          0.7261747,
          51.3138388
        ],
        "type": "Point"
      },
      "id": "DCGB-OSM-WAY-68167898",
      "properties": {
        "eligible_for_company_binding": false,
        "facility_identity_status": "SOURCE_ELEMENT_ONLY",
        "lifecycle": "OPERATIONAL_OR_UNSPECIFIED",
        "name_raw": null,
        "operator_raw": null,
        "owner_raw": null,
        "source_attribution": "© OpenStreetMap contributors",
        "source_licence": "ODbL-1.0",
        "source_record_id": "DCGB-OSM-WAY-68167898",
        "source_url": "https://www.openstreetmap.org/way/68167898"
      },
      "type": "Feature"
    },
    {
      "geometry": {
        "coordinates": [
          -0.9716398,
          51.4256273
        ],
        "type": "Point"
      },
      "id": "DCGB-OSM-WAY-70521778",
      "properties": {
        "eligible_for_company_binding": false,
        "facility_identity_status": "SOURCE_ELEMENT_ONLY",
        "lifecycle": "OPERATIONAL_OR_UNSPECIFIED",
        "name_raw": null,
        "operator_raw": null,
        "owner_raw": null,
        "source_attribution": "© OpenStreetMap contributors",
        "source_licence": "ODbL-1.0",
        "source_record_id": "DCGB-OSM-WAY-70521778",
        "source_url": "https://www.openstreetmap.org/way/70521778"
      },
      "type": "Feature"
    },
    {
      "geometry": {
        "coordinates": [
          -0.6189727,
          51.5200864
        ],
        "type": "Point"
      },
      "id": "DCGB-OSM-WAY-81633700",
      "properties": {
        "eligible_for_company_binding": false,
        "facility_identity_status": "SOURCE_ELEMENT_ONLY",
        "lifecycle": "OPERATIONAL_OR_UNSPECIFIED",
        "name_raw": null,
        "operator_raw": null,
        "owner_raw": null,
        "source_attribution": "© OpenStreetMap contributors",
        "source_licence": "ODbL-1.0",
        "source_record_id": "DCGB-OSM-WAY-81633700",
        "source_url": "https://www.openstreetmap.org/way/81633700"
      },
      "type": "Feature"
    },
    {
      "geometry": {
        "coordinates": [
          -0.6215649,
          51.5205153
        ],
        "type": "Point"
      },
      "id": "DCGB-OSM-WAY-81633882",
      "properties": {
        "eligible_for_company_binding": false,
        "facility_identity_status": "SOURCE_ELEMENT_ONLY",
        "lifecycle": "OPERATIONAL_OR_UNSPECIFIED",
        "name_raw": null,
        "operator_raw": null,
        "owner_raw": null,
        "source_attribution": "© OpenStreetMap contributors",
        "source_licence": "ODbL-1.0",
        "source_record_id": "DCGB-OSM-WAY-81633882",
        "source_url": "https://www.openstreetmap.org/way/81633882"
      },
      "type": "Feature"
    },
    {
      "geometry": {
        "coordinates": [
          -0.6292251,
          51.5220008
        ],
        "type": "Point"
      },
      "id": "DCGB-OSM-WAY-86528807",
      "properties": {
        "eligible_for_company_binding": false,
        "facility_identity_status": "SOURCE_ELEMENT_ONLY",
        "lifecycle": "OPERATIONAL_OR_UNSPECIFIED",
        "name_raw": null,
        "operator_raw": null,
        "owner_raw": null,
        "source_attribution": "© OpenStreetMap contributors",
        "source_licence": "ODbL-1.0",
        "source_record_id": "DCGB-OSM-WAY-86528807",
        "source_url": "https://www.openstreetmap.org/way/86528807"
      },
      "type": "Feature"
    },
    {
      "geometry": {
        "coordinates": [
          -0.2627586,
          52.5562036
        ],
        "type": "Point"
      },
      "id": "DCGB-OSM-WAY-87850427",
      "properties": {
        "eligible_for_company_binding": false,
        "facility_identity_status": "SOURCE_ELEMENT_ONLY",
        "lifecycle": "OPERATIONAL_OR_UNSPECIFIED",
        "name_raw": null,
        "operator_raw": null,
        "owner_raw": null,
        "source_attribution": "© OpenStreetMap contributors",
        "source_licence": "ODbL-1.0",
        "source_record_id": "DCGB-OSM-WAY-87850427",
        "source_url": "https://www.openstreetmap.org/way/87850427"
      },
      "type": "Feature"
    },
    {
      "geometry": {
        "coordinates": [
          -0.2639381,
          52.5558705
        ],
        "type": "Point"
      },
      "id": "DCGB-OSM-WAY-87850564",
      "properties": {
        "eligible_for_company_binding": false,
        "facility_identity_status": "SOURCE_ELEMENT_ONLY",
        "lifecycle": "OPERATIONAL_OR_UNSPECIFIED",
        "name_raw": null,
        "operator_raw": null,
        "owner_raw": null,
        "source_attribution": "© OpenStreetMap contributors",
        "source_licence": "ODbL-1.0",
        "source_record_id": "DCGB-OSM-WAY-87850564",
        "source_url": "https://www.openstreetmap.org/way/87850564"
      },
      "type": "Feature"
    },
    {
      "geometry": {
        "coordinates": [
          -0.2640718,
          52.5562815
        ],
        "type": "Point"
      },
      "id": "DCGB-OSM-WAY-87850741",
      "properties": {
        "eligible_for_company_binding": false,
        "facility_identity_status": "SOURCE_ELEMENT_ONLY",
        "lifecycle": "OPERATIONAL_OR_UNSPECIFIED",
        "name_raw": null,
        "operator_raw": null,
        "owner_raw": null,
        "source_attribution": "© OpenStreetMap contributors",
        "source_licence": "ODbL-1.0",
        "source_record_id": "DCGB-OSM-WAY-87850741",
        "source_url": "https://www.openstreetmap.org/way/87850741"
      },
      "type": "Feature"
    },
    {
      "geometry": {
        "coordinates": [
          -0.1642598,
          51.1989076
        ],
        "type": "Point"
      },
      "id": "DCGB-OSM-WAY-90550466",
      "properties": {
        "eligible_for_company_binding": false,
        "facility_identity_status": "SOURCE_ELEMENT_ONLY",
        "lifecycle": "OPERATIONAL_OR_UNSPECIFIED",
        "name_raw": null,
        "operator_raw": null,
        "owner_raw": null,
        "source_attribution": "© OpenStreetMap contributors",
        "source_licence": "ODbL-1.0",
        "source_record_id": "DCGB-OSM-WAY-90550466",
        "source_url": "https://www.openstreetmap.org/way/90550466"
      },
      "type": "Feature"
    },
    {
      "geometry": {
        "coordinates": [
          -0.975228,
          51.4206794
        ],
        "type": "Point"
      },
      "id": "DCGB-OSM-WAY-93845197",
      "properties": {
        "eligible_for_company_binding": false,
        "facility_identity_status": "SOURCE_ELEMENT_ONLY",
        "lifecycle": "OPERATIONAL_OR_UNSPECIFIED",
        "name_raw": null,
        "operator_raw": null,
        "owner_raw": null,
        "source_attribution": "© OpenStreetMap contributors",
        "source_licence": "ODbL-1.0",
        "source_record_id": "DCGB-OSM-WAY-93845197",
        "source_url": "https://www.openstreetmap.org/way/93845197"
      },
      "type": "Feature"
    },
    {
      "geometry": {
        "coordinates": [
          -0.9787351,
          51.4274231
        ],
        "type": "Point"
      },
      "id": "DCGB-OSM-WAY-93984382",
      "properties": {
        "eligible_for_company_binding": false,
        "facility_identity_status": "SOURCE_ELEMENT_ONLY",
        "lifecycle": "OPERATIONAL_OR_UNSPECIFIED",
        "name_raw": null,
        "operator_raw": null,
        "owner_raw": null,
        "source_attribution": "© OpenStreetMap contributors",
        "source_licence": "ODbL-1.0",
        "source_record_id": "DCGB-OSM-WAY-93984382",
        "source_url": "https://www.openstreetmap.org/way/93984382"
      },
      "type": "Feature"
    },
    {
      "geometry": {
        "coordinates": [
          -0.772372,
          51.4164884
        ],
        "type": "Point"
      },
      "id": "DCGB-OSM-WAY-94396838",
      "properties": {
        "eligible_for_company_binding": false,
        "facility_identity_status": "SOURCE_ELEMENT_ONLY",
        "lifecycle": "OPERATIONAL_OR_UNSPECIFIED",
        "name_raw": null,
        "operator_raw": null,
        "owner_raw": null,
        "source_attribution": "© OpenStreetMap contributors",
        "source_licence": "ODbL-1.0",
        "source_record_id": "DCGB-OSM-WAY-94396838",
        "source_url": "https://www.openstreetmap.org/way/94396838"
      },
      "type": "Feature"
    },
    {
      "geometry": {
        "coordinates": [
          -0.9758992,
          51.4448808
        ],
        "type": "Point"
      },
      "id": "DCGB-OSM-WAY-96173979",
      "properties": {
        "eligible_for_company_binding": false,
        "facility_identity_status": "SOURCE_ELEMENT_ONLY",
        "lifecycle": "OPERATIONAL_OR_UNSPECIFIED",
        "name_raw": null,
        "operator_raw": null,
        "owner_raw": null,
        "source_attribution": "© OpenStreetMap contributors",
        "source_licence": "ODbL-1.0",
        "source_record_id": "DCGB-OSM-WAY-96173979",
        "source_url": "https://www.openstreetmap.org/way/96173979"
      },
      "type": "Feature"
    },
    {
      "geometry": {
        "coordinates": [
          -0.1835561,
          51.799948
        ],
        "type": "Point"
      },
      "id": "DCGB-OSM-WAY-98134606",
      "properties": {
        "eligible_for_company_binding": false,
        "facility_identity_status": "SOURCE_ELEMENT_ONLY",
        "lifecycle": "OPERATIONAL_OR_UNSPECIFIED",
        "name_raw": null,
        "operator_raw": null,
        "owner_raw": null,
        "source_attribution": "© OpenStreetMap contributors",
        "source_licence": "ODbL-1.0",
        "source_record_id": "DCGB-OSM-WAY-98134606",
        "source_url": "https://www.openstreetmap.org/way/98134606"
      },
      "type": "Feature"
    },
    {
      "geometry": {
        "coordinates": [
          -0.0724737,
          51.513946
        ],
        "type": "Point"
      },
      "id": "DCGB-OSM-WAY-100299967",
      "properties": {
        "eligible_for_company_binding": false,
        "facility_identity_status": "SOURCE_ELEMENT_ONLY",
        "lifecycle": "OPERATIONAL_OR_UNSPECIFIED",
        "name_raw": null,
        "operator_raw": null,
        "owner_raw": null,
        "source_attribution": "© OpenStreetMap contributors",
        "source_licence": "ODbL-1.0",
        "source_record_id": "DCGB-OSM-WAY-100299967",
        "source_url": "https://www.openstreetmap.org/way/100299967"
      },
      "type": "Feature"
    },
    {
      "geometry": {
        "coordinates": [
          -2.2585178,
          53.3786359
        ],
        "type": "Point"
      },
      "id": "DCGB-OSM-WAY-103482135",
      "properties": {
        "eligible_for_company_binding": false,
        "facility_identity_status": "SOURCE_ELEMENT_ONLY",
        "lifecycle": "OPERATIONAL_OR_UNSPECIFIED",
        "name_raw": null,
        "operator_raw": null,
        "owner_raw": null,
        "source_attribution": "© OpenStreetMap contributors",
        "source_licence": "ODbL-1.0",
        "source_record_id": "DCGB-OSM-WAY-103482135",
        "source_url": "https://www.openstreetmap.org/way/103482135"
      },
      "type": "Feature"
    },
    {
      "geometry": {
        "coordinates": [
          -3.0866159,
          55.8942976
        ],
        "type": "Point"
      },
      "id": "DCGB-OSM-WAY-103765318",
      "properties": {
        "eligible_for_company_binding": false,
        "facility_identity_status": "SOURCE_ELEMENT_ONLY",
        "lifecycle": "OPERATIONAL_OR_UNSPECIFIED",
        "name_raw": null,
        "operator_raw": null,
        "owner_raw": null,
        "source_attribution": "© OpenStreetMap contributors",
        "source_licence": "ODbL-1.0",
        "source_record_id": "DCGB-OSM-WAY-103765318",
        "source_url": "https://www.openstreetmap.org/way/103765318"
      },
      "type": "Feature"
    },
    {
      "geometry": {
        "coordinates": [
          -0.0188761,
          51.494542
        ],
        "type": "Point"
      },
      "id": "DCGB-OSM-WAY-115238481",
      "properties": {
        "eligible_for_company_binding": false,
        "facility_identity_status": "SOURCE_ELEMENT_ONLY",
        "lifecycle": "OPERATIONAL_OR_UNSPECIFIED",
        "name_raw": null,
        "operator_raw": null,
        "owner_raw": null,
        "source_attribution": "© OpenStreetMap contributors",
        "source_licence": "ODbL-1.0",
        "source_record_id": "DCGB-OSM-WAY-115238481",
        "source_url": "https://www.openstreetmap.org/way/115238481"
      },
      "type": "Feature"
    },
    {
      "geometry": {
        "coordinates": [
          -0.0183079,
          51.4959285
        ],
        "type": "Point"
      },
      "id": "DCGB-OSM-WAY-115238482",
      "properties": {
        "eligible_for_company_binding": false,
        "facility_identity_status": "SOURCE_ELEMENT_ONLY",
        "lifecycle": "OPERATIONAL_OR_UNSPECIFIED",
        "name_raw": null,
        "operator_raw": null,
        "owner_raw": null,
        "source_attribution": "© OpenStreetMap contributors",
        "source_licence": "ODbL-1.0",
        "source_record_id": "DCGB-OSM-WAY-115238482",
        "source_url": "https://www.openstreetmap.org/way/115238482"
      },
      "type": "Feature"
    },
    {
      "geometry": {
        "coordinates": [
          -0.350469,
          51.0215574
        ],
        "type": "Point"
      },
      "id": "DCGB-OSM-WAY-128487593",
      "properties": {
        "eligible_for_company_binding": false,
        "facility_identity_status": "SOURCE_ELEMENT_ONLY",
        "lifecycle": "OPERATIONAL_OR_UNSPECIFIED",
        "name_raw": null,
        "operator_raw": null,
        "owner_raw": null,
        "source_attribution": "© OpenStreetMap contributors",
        "source_licence": "ODbL-1.0",
        "source_record_id": "DCGB-OSM-WAY-128487593",
        "source_url": "https://www.openstreetmap.org/way/128487593"
      },
      "type": "Feature"
    },
    {
      "geometry": {
        "coordinates": [
          -1.569003,
          53.9758144
        ],
        "type": "Point"
      },
      "id": "DCGB-OSM-WAY-129823651",
      "properties": {
        "eligible_for_company_binding": false,
        "facility_identity_status": "SOURCE_ELEMENT_ONLY",
        "lifecycle": "OPERATIONAL_OR_UNSPECIFIED",
        "name_raw": null,
        "operator_raw": null,
        "owner_raw": null,
        "source_attribution": "© OpenStreetMap contributors",
        "source_licence": "ODbL-1.0",
        "source_record_id": "DCGB-OSM-WAY-129823651",
        "source_url": "https://www.openstreetmap.org/way/129823651"
      },
      "type": "Feature"
    },
    {
      "geometry": {
        "coordinates": [
          -0.0414604,
          51.6195253
        ],
        "type": "Point"
      },
      "id": "DCGB-OSM-WAY-131474700",
      "properties": {
        "eligible_for_company_binding": false,
        "facility_identity_status": "SOURCE_ELEMENT_ONLY",
        "lifecycle": "OPERATIONAL_OR_UNSPECIFIED",
        "name_raw": null,
        "operator_raw": null,
        "owner_raw": null,
        "source_attribution": "© OpenStreetMap contributors",
        "source_licence": "ODbL-1.0",
        "source_record_id": "DCGB-OSM-WAY-131474700",
        "source_url": "https://www.openstreetmap.org/way/131474700"
      },
      "type": "Feature"
    },
    {
      "geometry": {
        "coordinates": [
          -4.2835487,
          55.8511347
        ],
        "type": "Point"
      },
      "id": "DCGB-OSM-WAY-133868759",
      "properties": {
        "eligible_for_company_binding": false,
        "facility_identity_status": "SOURCE_ELEMENT_ONLY",
        "lifecycle": "OPERATIONAL_OR_UNSPECIFIED",
        "name_raw": null,
        "operator_raw": null,
        "owner_raw": null,
        "source_attribution": "© OpenStreetMap contributors",
        "source_licence": "ODbL-1.0",
        "source_record_id": "DCGB-OSM-WAY-133868759",
        "source_url": "https://www.openstreetmap.org/way/133868759"
      },
      "type": "Feature"
    },
    {
      "geometry": {
        "coordinates": [
          -2.9631583,
          51.2275256
        ],
        "type": "Point"
      },
      "id": "DCGB-OSM-WAY-134915217",
      "properties": {
        "eligible_for_company_binding": false,
        "facility_identity_status": "SOURCE_ELEMENT_ONLY",
        "lifecycle": "OPERATIONAL_OR_UNSPECIFIED",
        "name_raw": null,
        "operator_raw": null,
        "owner_raw": null,
        "source_attribution": "© OpenStreetMap contributors",
        "source_licence": "ODbL-1.0",
        "source_record_id": "DCGB-OSM-WAY-134915217",
        "source_url": "https://www.openstreetmap.org/way/134915217"
      },
      "type": "Feature"
    },
    {
      "geometry": {
        "coordinates": [
          -1.8362321,
          51.5722528
        ],
        "type": "Point"
      },
      "id": "DCGB-OSM-WAY-143146089",
      "properties": {
        "eligible_for_company_binding": false,
        "facility_identity_status": "SOURCE_ELEMENT_ONLY",
        "lifecycle": "OPERATIONAL_OR_UNSPECIFIED",
        "name_raw": null,
        "operator_raw": null,
        "owner_raw": null,
        "source_attribution": "© OpenStreetMap contributors",
        "source_licence": "ODbL-1.0",
        "source_record_id": "DCGB-OSM-WAY-143146089",
        "source_url": "https://www.openstreetmap.org/way/143146089"
      },
      "type": "Feature"
    },
    {
      "geometry": {
        "coordinates": [
          -1.8844483,
          53.7084325
        ],
        "type": "Point"
      },
      "id": "DCGB-OSM-WAY-147532741",
      "properties": {
        "eligible_for_company_binding": false,
        "facility_identity_status": "SOURCE_ELEMENT_ONLY",
        "lifecycle": "OPERATIONAL_OR_UNSPECIFIED",
        "name_raw": null,
        "operator_raw": null,
        "owner_raw": null,
        "source_attribution": "© OpenStreetMap contributors",
        "source_licence": "ODbL-1.0",
        "source_record_id": "DCGB-OSM-WAY-147532741",
        "source_url": "https://www.openstreetmap.org/way/147532741"
      },
      "type": "Feature"
    },
    {
      "geometry": {
        "coordinates": [
          -3.4812859,
          55.8762813
        ],
        "type": "Point"
      },
      "id": "DCGB-OSM-WAY-153267622",
      "properties": {
        "eligible_for_company_binding": false,
        "facility_identity_status": "SOURCE_ELEMENT_ONLY",
        "lifecycle": "OPERATIONAL_OR_UNSPECIFIED",
        "name_raw": null,
        "operator_raw": null,
        "owner_raw": null,
        "source_attribution": "© OpenStreetMap contributors",
        "source_licence": "ODbL-1.0",
        "source_record_id": "DCGB-OSM-WAY-153267622",
        "source_url": "https://www.openstreetmap.org/way/153267622"
      },
      "type": "Feature"
    },
    {
      "geometry": {
        "coordinates": [
          -0.4542685,
          51.4466633
        ],
        "type": "Point"
      },
      "id": "DCGB-OSM-WAY-154430569",
      "properties": {
        "eligible_for_company_binding": false,
        "facility_identity_status": "SOURCE_ELEMENT_ONLY",
        "lifecycle": "OPERATIONAL_OR_UNSPECIFIED",
        "name_raw": null,
        "operator_raw": null,
        "owner_raw": null,
        "source_attribution": "© OpenStreetMap contributors",
        "source_licence": "ODbL-1.0",
        "source_record_id": "DCGB-OSM-WAY-154430569",
        "source_url": "https://www.openstreetmap.org/way/154430569"
      },
      "type": "Feature"
    },
    {
      "geometry": {
        "coordinates": [
          -0.003425,
          51.5109396
        ],
        "type": "Point"
      },
      "id": "DCGB-OSM-WAY-157178049",
      "properties": {
        "eligible_for_company_binding": false,
        "facility_identity_status": "SOURCE_ELEMENT_ONLY",
        "lifecycle": "OPERATIONAL_OR_UNSPECIFIED",
        "name_raw": null,
        "operator_raw": null,
        "owner_raw": null,
        "source_attribution": "© OpenStreetMap contributors",
        "source_licence": "ODbL-1.0",
        "source_record_id": "DCGB-OSM-WAY-157178049",
        "source_url": "https://www.openstreetmap.org/way/157178049"
      },
      "type": "Feature"
    },
    {
      "geometry": {
        "coordinates": [
          -4.5535857,
          50.8843947
        ],
        "type": "Point"
      },
      "id": "DCGB-OSM-WAY-164113041",
      "properties": {
        "eligible_for_company_binding": false,
        "facility_identity_status": "SOURCE_ELEMENT_ONLY",
        "lifecycle": "OPERATIONAL_OR_UNSPECIFIED",
        "name_raw": null,
        "operator_raw": null,
        "owner_raw": null,
        "source_attribution": "© OpenStreetMap contributors",
        "source_licence": "ODbL-1.0",
        "source_record_id": "DCGB-OSM-WAY-164113041",
        "source_url": "https://www.openstreetmap.org/way/164113041"
      },
      "type": "Feature"
    },
    {
      "geometry": {
        "coordinates": [
          -0.079315,
          51.5242683
        ],
        "type": "Point"
      },
      "id": "DCGB-OSM-WAY-164243077",
      "properties": {
        "eligible_for_company_binding": false,
        "facility_identity_status": "SOURCE_ELEMENT_ONLY",
        "lifecycle": "OPERATIONAL_OR_UNSPECIFIED",
        "name_raw": null,
        "operator_raw": null,
        "owner_raw": null,
        "source_attribution": "© OpenStreetMap contributors",
        "source_licence": "ODbL-1.0",
        "source_record_id": "DCGB-OSM-WAY-164243077",
        "source_url": "https://www.openstreetmap.org/way/164243077"
      },
      "type": "Feature"
    },
    {
      "geometry": {
        "coordinates": [
          -0.0828809,
          51.5229321
        ],
        "type": "Point"
      },
      "id": "DCGB-OSM-WAY-164527297",
      "properties": {
        "eligible_for_company_binding": false,
        "facility_identity_status": "SOURCE_ELEMENT_ONLY",
        "lifecycle": "OPERATIONAL_OR_UNSPECIFIED",
        "name_raw": null,
        "operator_raw": null,
        "owner_raw": null,
        "source_attribution": "© OpenStreetMap contributors",
        "source_licence": "ODbL-1.0",
        "source_record_id": "DCGB-OSM-WAY-164527297",
        "source_url": "https://www.openstreetmap.org/way/164527297"
      },
      "type": "Feature"
    },
    {
      "geometry": {
        "coordinates": [
          -1.8471367,
          51.5515096
        ],
        "type": "Point"
      },
      "id": "DCGB-OSM-WAY-166184193",
      "properties": {
        "eligible_for_company_binding": false,
        "facility_identity_status": "SOURCE_ELEMENT_ONLY",
        "lifecycle": "OPERATIONAL_OR_UNSPECIFIED",
        "name_raw": null,
        "operator_raw": null,
        "owner_raw": null,
        "source_attribution": "© OpenStreetMap contributors",
        "source_licence": "ODbL-1.0",
        "source_record_id": "DCGB-OSM-WAY-166184193",
        "source_url": "https://www.openstreetmap.org/way/166184193"
      },
      "type": "Feature"
    },
    {
      "geometry": {
        "coordinates": [
          -1.8367418,
          51.5722231
        ],
        "type": "Point"
      },
      "id": "DCGB-OSM-WAY-166184208",
      "properties": {
        "eligible_for_company_binding": false,
        "facility_identity_status": "SOURCE_ELEMENT_ONLY",
        "lifecycle": "OPERATIONAL_OR_UNSPECIFIED",
        "name_raw": null,
        "operator_raw": null,
        "owner_raw": null,
        "source_attribution": "© OpenStreetMap contributors",
        "source_licence": "ODbL-1.0",
        "source_record_id": "DCGB-OSM-WAY-166184208",
        "source_url": "https://www.openstreetmap.org/way/166184208"
      },
      "type": "Feature"
    },
    {
      "geometry": {
        "coordinates": [
          -2.2934202,
          53.4680158
        ],
        "type": "Point"
      },
      "id": "DCGB-OSM-WAY-166407577",
      "properties": {
        "eligible_for_company_binding": false,
        "facility_identity_status": "SOURCE_ELEMENT_ONLY",
        "lifecycle": "OPERATIONAL_OR_UNSPECIFIED",
        "name_raw": null,
        "operator_raw": null,
        "owner_raw": null,
        "source_attribution": "© OpenStreetMap contributors",
        "source_licence": "ODbL-1.0",
        "source_record_id": "DCGB-OSM-WAY-166407577",
        "source_url": "https://www.openstreetmap.org/way/166407577"
      },
      "type": "Feature"
    },
    {
      "geometry": {
        "coordinates": [
          -0.2068599,
          51.9812122
        ],
        "type": "Point"
      },
      "id": "DCGB-OSM-WAY-178312270",
      "properties": {
        "eligible_for_company_binding": false,
        "facility_identity_status": "SOURCE_ELEMENT_ONLY",
        "lifecycle": "OPERATIONAL_OR_UNSPECIFIED",
        "name_raw": null,
        "operator_raw": null,
        "owner_raw": null,
        "source_attribution": "© OpenStreetMap contributors",
        "source_licence": "ODbL-1.0",
        "source_record_id": "DCGB-OSM-WAY-178312270",
        "source_url": "https://www.openstreetmap.org/way/178312270"
      },
      "type": "Feature"
    },
    {
      "geometry": {
        "coordinates": [
          -0.1864269,
          51.8078965
        ],
        "type": "Point"
      },
      "id": "DCGB-OSM-WAY-179698364",
      "properties": {
        "eligible_for_company_binding": false,
        "facility_identity_status": "SOURCE_ELEMENT_ONLY",
        "lifecycle": "OPERATIONAL_OR_UNSPECIFIED",
        "name_raw": null,
        "operator_raw": null,
        "owner_raw": null,
        "source_attribution": "© OpenStreetMap contributors",
        "source_licence": "ODbL-1.0",
        "source_record_id": "DCGB-OSM-WAY-179698364",
        "source_url": "https://www.openstreetmap.org/way/179698364"
      },
      "type": "Feature"
    },
    {
      "geometry": {
        "coordinates": [
          -0.1195452,
          51.3535862
        ],
        "type": "Point"
      },
      "id": "DCGB-OSM-WAY-180779572",
      "properties": {
        "eligible_for_company_binding": false,
        "facility_identity_status": "SOURCE_ELEMENT_ONLY",
        "lifecycle": "OPERATIONAL_OR_UNSPECIFIED",
        "name_raw": null,
        "operator_raw": null,
        "owner_raw": null,
        "source_attribution": "© OpenStreetMap contributors",
        "source_licence": "ODbL-1.0",
        "source_record_id": "DCGB-OSM-WAY-180779572",
        "source_url": "https://www.openstreetmap.org/way/180779572"
      },
      "type": "Feature"
    },
    {
      "geometry": {
        "coordinates": [
          -0.4345124,
          51.764228
        ],
        "type": "Point"
      },
      "id": "DCGB-OSM-WAY-182622783",
      "properties": {
        "eligible_for_company_binding": false,
        "facility_identity_status": "SOURCE_ELEMENT_ONLY",
        "lifecycle": "OPERATIONAL_OR_UNSPECIFIED",
        "name_raw": null,
        "operator_raw": null,
        "owner_raw": null,
        "source_attribution": "© OpenStreetMap contributors",
        "source_licence": "ODbL-1.0",
        "source_record_id": "DCGB-OSM-WAY-182622783",
        "source_url": "https://www.openstreetmap.org/way/182622783"
      },
      "type": "Feature"
    },
    {
      "geometry": {
        "coordinates": [
          -0.4099656,
          51.4595405
        ],
        "type": "Point"
      },
      "id": "DCGB-OSM-WAY-187251460",
      "properties": {
        "eligible_for_company_binding": false,
        "facility_identity_status": "SOURCE_ELEMENT_ONLY",
        "lifecycle": "OPERATIONAL_OR_UNSPECIFIED",
        "name_raw": null,
        "operator_raw": null,
        "owner_raw": null,
        "source_attribution": "© OpenStreetMap contributors",
        "source_licence": "ODbL-1.0",
        "source_record_id": "DCGB-OSM-WAY-187251460",
        "source_url": "https://www.openstreetmap.org/way/187251460"
      },
      "type": "Feature"
    },
    {
      "geometry": {
        "coordinates": [
          -0.0091155,
          51.502005
        ],
        "type": "Point"
      },
      "id": "DCGB-OSM-WAY-190297843",
      "properties": {
        "eligible_for_company_binding": false,
        "facility_identity_status": "SOURCE_ELEMENT_ONLY",
        "lifecycle": "OPERATIONAL_OR_UNSPECIFIED",
        "name_raw": null,
        "operator_raw": null,
        "owner_raw": null,
        "source_attribution": "© OpenStreetMap contributors",
        "source_licence": "ODbL-1.0",
        "source_record_id": "DCGB-OSM-WAY-190297843",
        "source_url": "https://www.openstreetmap.org/way/190297843"
      },
      "type": "Feature"
    },
    {
      "geometry": {
        "coordinates": [
          -0.4831024,
          51.4856166
        ],
        "type": "Point"
      },
      "id": "DCGB-OSM-WAY-190449012",
      "properties": {
        "eligible_for_company_binding": false,
        "facility_identity_status": "SOURCE_ELEMENT_ONLY",
        "lifecycle": "OPERATIONAL_OR_UNSPECIFIED",
        "name_raw": null,
        "operator_raw": null,
        "owner_raw": null,
        "source_attribution": "© OpenStreetMap contributors",
        "source_licence": "ODbL-1.0",
        "source_record_id": "DCGB-OSM-WAY-190449012",
        "source_url": "https://www.openstreetmap.org/way/190449012"
      },
      "type": "Feature"
    },
    {
      "geometry": {
        "coordinates": [
          -0.1261156,
          51.4817516
        ],
        "type": "Point"
      },
      "id": "DCGB-OSM-WAY-190845697",
      "properties": {
        "eligible_for_company_binding": false,
        "facility_identity_status": "SOURCE_ELEMENT_ONLY",
        "lifecycle": "OPERATIONAL_OR_UNSPECIFIED",
        "name_raw": null,
        "operator_raw": null,
        "owner_raw": null,
        "source_attribution": "© OpenStreetMap contributors",
        "source_licence": "ODbL-1.0",
        "source_record_id": "DCGB-OSM-WAY-190845697",
        "source_url": "https://www.openstreetmap.org/way/190845697"
      },
      "type": "Feature"
    },
    {
      "geometry": {
        "coordinates": [
          -2.9011761,
          55.9451623
        ],
        "type": "Point"
      },
      "id": "DCGB-OSM-WAY-191603111",
      "properties": {
        "eligible_for_company_binding": false,
        "facility_identity_status": "SOURCE_ELEMENT_ONLY",
        "lifecycle": "OPERATIONAL_OR_UNSPECIFIED",
        "name_raw": null,
        "operator_raw": null,
        "owner_raw": null,
        "source_attribution": "© OpenStreetMap contributors",
        "source_licence": "ODbL-1.0",
        "source_record_id": "DCGB-OSM-WAY-191603111",
        "source_url": "https://www.openstreetmap.org/way/191603111"
      },
      "type": "Feature"
    },
    {
      "geometry": {
        "coordinates": [
          -0.0188136,
          51.4968425
        ],
        "type": "Point"
      },
      "id": "DCGB-OSM-WAY-191842525",
      "properties": {
        "eligible_for_company_binding": false,
        "facility_identity_status": "SOURCE_ELEMENT_ONLY",
        "lifecycle": "OPERATIONAL_OR_UNSPECIFIED",
        "name_raw": null,
        "operator_raw": null,
        "owner_raw": null,
        "source_attribution": "© OpenStreetMap contributors",
        "source_licence": "ODbL-1.0",
        "source_record_id": "DCGB-OSM-WAY-191842525",
        "source_url": "https://www.openstreetmap.org/way/191842525"
      },
      "type": "Feature"
    },
    {
      "geometry": {
        "coordinates": [
          -0.0034631,
          51.5070483
        ],
        "type": "Point"
      },
      "id": "DCGB-OSM-WAY-193806160",
      "properties": {
        "eligible_for_company_binding": false,
        "facility_identity_status": "SOURCE_ELEMENT_ONLY",
        "lifecycle": "OPERATIONAL_OR_UNSPECIFIED",
        "name_raw": null,
        "operator_raw": null,
        "owner_raw": null,
        "source_attribution": "© OpenStreetMap contributors",
        "source_licence": "ODbL-1.0",
        "source_record_id": "DCGB-OSM-WAY-193806160",
        "source_url": "https://www.openstreetmap.org/way/193806160"
      },
      "type": "Feature"
    },
    {
      "geometry": {
        "coordinates": [
          -0.0191726,
          51.4947787
        ],
        "type": "Point"
      },
      "id": "DCGB-OSM-WAY-194258560",
      "properties": {
        "eligible_for_company_binding": false,
        "facility_identity_status": "SOURCE_ELEMENT_ONLY",
        "lifecycle": "OPERATIONAL_OR_UNSPECIFIED",
        "name_raw": null,
        "operator_raw": null,
        "owner_raw": null,
        "source_attribution": "© OpenStreetMap contributors",
        "source_licence": "ODbL-1.0",
        "source_record_id": "DCGB-OSM-WAY-194258560",
        "source_url": "https://www.openstreetmap.org/way/194258560"
      },
      "type": "Feature"
    },
    {
      "geometry": {
        "coordinates": [
          -0.0190627,
          51.4954355
        ],
        "type": "Point"
      },
      "id": "DCGB-OSM-WAY-194258564",
      "properties": {
        "eligible_for_company_binding": false,
        "facility_identity_status": "SOURCE_ELEMENT_ONLY",
        "lifecycle": "OPERATIONAL_OR_UNSPECIFIED",
        "name_raw": null,
        "operator_raw": null,
        "owner_raw": null,
        "source_attribution": "© OpenStreetMap contributors",
        "source_licence": "ODbL-1.0",
        "source_record_id": "DCGB-OSM-WAY-194258564",
        "source_url": "https://www.openstreetmap.org/way/194258564"
      },
      "type": "Feature"
    },
    {
      "geometry": {
        "coordinates": [
          -0.4232704,
          51.4713244
        ],
        "type": "Point"
      },
      "id": "DCGB-OSM-WAY-194508831",
      "properties": {
        "eligible_for_company_binding": false,
        "facility_identity_status": "SOURCE_ELEMENT_ONLY",
        "lifecycle": "OPERATIONAL_OR_UNSPECIFIED",
        "name_raw": null,
        "operator_raw": null,
        "owner_raw": null,
        "source_attribution": "© OpenStreetMap contributors",
        "source_licence": "ODbL-1.0",
        "source_record_id": "DCGB-OSM-WAY-194508831",
        "source_url": "https://www.openstreetmap.org/way/194508831"
      },
      "type": "Feature"
    },
    {
      "geometry": {
        "coordinates": [
          -0.005573,
          51.511119
        ],
        "type": "Point"
      },
      "id": "DCGB-OSM-WAY-196783604",
      "properties": {
        "eligible_for_company_binding": false,
        "facility_identity_status": "SOURCE_ELEMENT_ONLY",
        "lifecycle": "OPERATIONAL_OR_UNSPECIFIED",
        "name_raw": null,
        "operator_raw": null,
        "owner_raw": null,
        "source_attribution": "© OpenStreetMap contributors",
        "source_licence": "ODbL-1.0",
        "source_record_id": "DCGB-OSM-WAY-196783604",
        "source_url": "https://www.openstreetmap.org/way/196783604"
      },
      "type": "Feature"
    },
    {
      "geometry": {
        "coordinates": [
          -1.3153016,
          51.5740371
        ],
        "type": "Point"
      },
      "id": "DCGB-OSM-WAY-200338749",
      "properties": {
        "eligible_for_company_binding": false,
        "facility_identity_status": "SOURCE_ELEMENT_ONLY",
        "lifecycle": "OPERATIONAL_OR_UNSPECIFIED",
        "name_raw": null,
        "operator_raw": null,
        "owner_raw": null,
        "source_attribution": "© OpenStreetMap contributors",
        "source_licence": "ODbL-1.0",
        "source_record_id": "DCGB-OSM-WAY-200338749",
        "source_url": "https://www.openstreetmap.org/way/200338749"
      },
      "type": "Feature"
    },
    {
      "geometry": {
        "coordinates": [
          -0.7920692,
          53.0789763
        ],
        "type": "Point"
      },
      "id": "DCGB-OSM-WAY-200649197",
      "properties": {
        "eligible_for_company_binding": false,
        "facility_identity_status": "SOURCE_ELEMENT_ONLY",
        "lifecycle": "OPERATIONAL_OR_UNSPECIFIED",
        "name_raw": null,
        "operator_raw": null,
        "owner_raw": null,
        "source_attribution": "© OpenStreetMap contributors",
        "source_licence": "ODbL-1.0",
        "source_record_id": "DCGB-OSM-WAY-200649197",
        "source_url": "https://www.openstreetmap.org/way/200649197"
      },
      "type": "Feature"
    },
    {
      "geometry": {
        "coordinates": [
          -0.7922606,
          53.0790476
        ],
        "type": "Point"
      },
      "id": "DCGB-OSM-WAY-200649213",
      "properties": {
        "eligible_for_company_binding": false,
        "facility_identity_status": "SOURCE_ELEMENT_ONLY",
        "lifecycle": "OPERATIONAL_OR_UNSPECIFIED",
        "name_raw": null,
        "operator_raw": null,
        "owner_raw": null,
        "source_attribution": "© OpenStreetMap contributors",
        "source_licence": "ODbL-1.0",
        "source_record_id": "DCGB-OSM-WAY-200649213",
        "source_url": "https://www.openstreetmap.org/way/200649213"
      },
      "type": "Feature"
    },
    {
      "geometry": {
        "coordinates": [
          -0.7924434,
          53.0791272
        ],
        "type": "Point"
      },
      "id": "DCGB-OSM-WAY-200649214",
      "properties": {
        "eligible_for_company_binding": false,
        "facility_identity_status": "SOURCE_ELEMENT_ONLY",
        "lifecycle": "OPERATIONAL_OR_UNSPECIFIED",
        "name_raw": null,
        "operator_raw": null,
        "owner_raw": null,
        "source_attribution": "© OpenStreetMap contributors",
        "source_licence": "ODbL-1.0",
        "source_record_id": "DCGB-OSM-WAY-200649214",
        "source_url": "https://www.openstreetmap.org/way/200649214"
      },
      "type": "Feature"
    },
    {
      "geometry": {
        "coordinates": [
          -1.3100648,
          54.633291
        ],
        "type": "Point"
      },
      "id": "DCGB-OSM-WAY-201843176",
      "properties": {
        "eligible_for_company_binding": false,
        "facility_identity_status": "SOURCE_ELEMENT_ONLY",
        "lifecycle": "OPERATIONAL_OR_UNSPECIFIED",
        "name_raw": null,
        "operator_raw": null,
        "owner_raw": null,
        "source_attribution": "© OpenStreetMap contributors",
        "source_licence": "ODbL-1.0",
        "source_record_id": "DCGB-OSM-WAY-201843176",
        "source_url": "https://www.openstreetmap.org/way/201843176"
      },
      "type": "Feature"
    },
    {
      "geometry": {
        "coordinates": [
          -1.8214237,
          53.6938856
        ],
        "type": "Point"
      },
      "id": "DCGB-OSM-WAY-202085268",
      "properties": {
        "eligible_for_company_binding": false,
        "facility_identity_status": "SOURCE_ELEMENT_ONLY",
        "lifecycle": "OPERATIONAL_OR_UNSPECIFIED",
        "name_raw": null,
        "operator_raw": null,
        "owner_raw": null,
        "source_attribution": "© OpenStreetMap contributors",
        "source_licence": "ODbL-1.0",
        "source_record_id": "DCGB-OSM-WAY-202085268",
        "source_url": "https://www.openstreetmap.org/way/202085268"
      },
      "type": "Feature"
    },
    {
      "geometry": {
        "coordinates": [
          -0.3206157,
          51.770102
        ],
        "type": "Point"
      },
      "id": "DCGB-OSM-WAY-203500066",
      "properties": {
        "eligible_for_company_binding": false,
        "facility_identity_status": "SOURCE_ELEMENT_ONLY",
        "lifecycle": "OPERATIONAL_OR_UNSPECIFIED",
        "name_raw": null,
        "operator_raw": null,
        "owner_raw": null,
        "source_attribution": "© OpenStreetMap contributors",
        "source_licence": "ODbL-1.0",
        "source_record_id": "DCGB-OSM-WAY-203500066",
        "source_url": "https://www.openstreetmap.org/way/203500066"
      },
      "type": "Feature"
    },
    {
      "geometry": {
        "coordinates": [
          -0.0019544,
          51.512052
        ],
        "type": "Point"
      },
      "id": "DCGB-OSM-WAY-206625800",
      "properties": {
        "eligible_for_company_binding": false,
        "facility_identity_status": "SOURCE_ELEMENT_ONLY",
        "lifecycle": "OPERATIONAL_OR_UNSPECIFIED",
        "name_raw": null,
        "operator_raw": null,
        "owner_raw": null,
        "source_attribution": "© OpenStreetMap contributors",
        "source_licence": "ODbL-1.0",
        "source_record_id": "DCGB-OSM-WAY-206625800",
        "source_url": "https://www.openstreetmap.org/way/206625800"
      },
      "type": "Feature"
    },
    {
      "geometry": {
        "coordinates": [
          -0.001266,
          51.5115297
        ],
        "type": "Point"
      },
      "id": "DCGB-OSM-WAY-206625804",
      "properties": {
        "eligible_for_company_binding": false,
        "facility_identity_status": "SOURCE_ELEMENT_ONLY",
        "lifecycle": "OPERATIONAL_OR_UNSPECIFIED",
        "name_raw": null,
        "operator_raw": null,
        "owner_raw": null,
        "source_attribution": "© OpenStreetMap contributors",
        "source_licence": "ODbL-1.0",
        "source_record_id": "DCGB-OSM-WAY-206625804",
        "source_url": "https://www.openstreetmap.org/way/206625804"
      },
      "type": "Feature"
    },
    {
      "geometry": {
        "coordinates": [
          -1.5734609,
          53.7830763
        ],
        "type": "Point"
      },
      "id": "DCGB-OSM-WAY-207831858",
      "properties": {
        "eligible_for_company_binding": false,
        "facility_identity_status": "SOURCE_ELEMENT_ONLY",
        "lifecycle": "OPERATIONAL_OR_UNSPECIFIED",
        "name_raw": null,
        "operator_raw": null,
        "owner_raw": null,
        "source_attribution": "© OpenStreetMap contributors",
        "source_licence": "ODbL-1.0",
        "source_record_id": "DCGB-OSM-WAY-207831858",
        "source_url": "https://www.openstreetmap.org/way/207831858"
      },
      "type": "Feature"
    },
    {
      "geometry": {
        "coordinates": [
          -1.5735356,
          53.7829395
        ],
        "type": "Point"
      },
      "id": "DCGB-OSM-WAY-207831859",
      "properties": {
        "eligible_for_company_binding": false,
        "facility_identity_status": "SOURCE_ELEMENT_ONLY",
        "lifecycle": "OPERATIONAL_OR_UNSPECIFIED",
        "name_raw": null,
        "operator_raw": null,
        "owner_raw": null,
        "source_attribution": "© OpenStreetMap contributors",
        "source_licence": "ODbL-1.0",
        "source_record_id": "DCGB-OSM-WAY-207831859",
        "source_url": "https://www.openstreetmap.org/way/207831859"
      },
      "type": "Feature"
    },
    {
      "geometry": {
        "coordinates": [
          -0.7585502,
          51.4166537
        ],
        "type": "Point"
      },
      "id": "DCGB-OSM-WAY-210931289",
      "properties": {
        "eligible_for_company_binding": false,
        "facility_identity_status": "SOURCE_ELEMENT_ONLY",
        "lifecycle": "OPERATIONAL_OR_UNSPECIFIED",
        "name_raw": null,
        "operator_raw": null,
        "owner_raw": null,
        "source_attribution": "© OpenStreetMap contributors",
        "source_licence": "ODbL-1.0",
        "source_record_id": "DCGB-OSM-WAY-210931289",
        "source_url": "https://www.openstreetmap.org/way/210931289"
      },
      "type": "Feature"
    },
    {
      "geometry": {
        "coordinates": [
          -0.3366447,
          51.5425077
        ],
        "type": "Point"
      },
      "id": "DCGB-OSM-WAY-218905097",
      "properties": {
        "eligible_for_company_binding": false,
        "facility_identity_status": "SOURCE_ELEMENT_ONLY",
        "lifecycle": "OPERATIONAL_OR_UNSPECIFIED",
        "name_raw": null,
        "operator_raw": null,
        "owner_raw": null,
        "source_attribution": "© OpenStreetMap contributors",
        "source_licence": "ODbL-1.0",
        "source_record_id": "DCGB-OSM-WAY-218905097",
        "source_url": "https://www.openstreetmap.org/way/218905097"
      },
      "type": "Feature"
    },
    {
      "geometry": {
        "coordinates": [
          -1.2145155,
          53.0064897
        ],
        "type": "Point"
      },
      "id": "DCGB-OSM-WAY-220442829",
      "properties": {
        "eligible_for_company_binding": false,
        "facility_identity_status": "SOURCE_ELEMENT_ONLY",
        "lifecycle": "OPERATIONAL_OR_UNSPECIFIED",
        "name_raw": null,
        "operator_raw": null,
        "owner_raw": null,
        "source_attribution": "© OpenStreetMap contributors",
        "source_licence": "ODbL-1.0",
        "source_record_id": "DCGB-OSM-WAY-220442829",
        "source_url": "https://www.openstreetmap.org/way/220442829"
      },
      "type": "Feature"
    },
    {
      "geometry": {
        "coordinates": [
          -0.4463277,
          51.5027785
        ],
        "type": "Point"
      },
      "id": "DCGB-OSM-WAY-221131413",
      "properties": {
        "eligible_for_company_binding": false,
        "facility_identity_status": "SOURCE_ELEMENT_ONLY",
        "lifecycle": "OPERATIONAL_OR_UNSPECIFIED",
        "name_raw": null,
        "operator_raw": null,
        "owner_raw": null,
        "source_attribution": "© OpenStreetMap contributors",
        "source_licence": "ODbL-1.0",
        "source_record_id": "DCGB-OSM-WAY-221131413",
        "source_url": "https://www.openstreetmap.org/way/221131413"
      },
      "type": "Feature"
    },
    {
      "geometry": {
        "coordinates": [
          -0.3639385,
          51.5453478
        ],
        "type": "Point"
      },
      "id": "DCGB-OSM-WAY-222789497",
      "properties": {
        "eligible_for_company_binding": false,
        "facility_identity_status": "SOURCE_ELEMENT_ONLY",
        "lifecycle": "OPERATIONAL_OR_UNSPECIFIED",
        "name_raw": null,
        "operator_raw": null,
        "owner_raw": null,
        "source_attribution": "© OpenStreetMap contributors",
        "source_licence": "ODbL-1.0",
        "source_record_id": "DCGB-OSM-WAY-222789497",
        "source_url": "https://www.openstreetmap.org/way/222789497"
      },
      "type": "Feature"
    },
    {
      "geometry": {
        "coordinates": [
          -0.6378088,
          51.5249468
        ],
        "type": "Point"
      },
      "id": "DCGB-OSM-WAY-225909384",
      "properties": {
        "eligible_for_company_binding": false,
        "facility_identity_status": "SOURCE_ELEMENT_ONLY",
        "lifecycle": "OPERATIONAL_OR_UNSPECIFIED",
        "name_raw": null,
        "operator_raw": null,
        "owner_raw": null,
        "source_attribution": "© OpenStreetMap contributors",
        "source_licence": "ODbL-1.0",
        "source_record_id": "DCGB-OSM-WAY-225909384",
        "source_url": "https://www.openstreetmap.org/way/225909384"
      },
      "type": "Feature"
    },
    {
      "geometry": {
        "coordinates": [
          -0.6377381,
          51.5230923
        ],
        "type": "Point"
      },
      "id": "DCGB-OSM-WAY-225909388",
      "properties": {
        "eligible_for_company_binding": false,
        "facility_identity_status": "SOURCE_ELEMENT_ONLY",
        "lifecycle": "OPERATIONAL_OR_UNSPECIFIED",
        "name_raw": null,
        "operator_raw": null,
        "owner_raw": null,
        "source_attribution": "© OpenStreetMap contributors",
        "source_licence": "ODbL-1.0",
        "source_record_id": "DCGB-OSM-WAY-225909388",
        "source_url": "https://www.openstreetmap.org/way/225909388"
      },
      "type": "Feature"
    },
    {
      "geometry": {
        "coordinates": [
          -0.6360736,
          51.5234658
        ],
        "type": "Point"
      },
      "id": "DCGB-OSM-WAY-225909390",
      "properties": {
        "eligible_for_company_binding": false,
        "facility_identity_status": "SOURCE_ELEMENT_ONLY",
        "lifecycle": "OPERATIONAL_OR_UNSPECIFIED",
        "name_raw": null,
        "operator_raw": null,
        "owner_raw": null,
        "source_attribution": "© OpenStreetMap contributors",
        "source_licence": "ODbL-1.0",
        "source_record_id": "DCGB-OSM-WAY-225909390",
        "source_url": "https://www.openstreetmap.org/way/225909390"
      },
      "type": "Feature"
    },
    {
      "geometry": {
        "coordinates": [
          -1.492008,
          53.4890823
        ],
        "type": "Point"
      },
      "id": "DCGB-OSM-WAY-231762788",
      "properties": {
        "eligible_for_company_binding": false,
        "facility_identity_status": "SOURCE_ELEMENT_ONLY",
        "lifecycle": "OPERATIONAL_OR_UNSPECIFIED",
        "name_raw": null,
        "operator_raw": null,
        "owner_raw": null,
        "source_attribution": "© OpenStreetMap contributors",
        "source_licence": "ODbL-1.0",
        "source_record_id": "DCGB-OSM-WAY-231762788",
        "source_url": "https://www.openstreetmap.org/way/231762788"
      },
      "type": "Feature"
    },
    {
      "geometry": {
        "coordinates": [
          -0.0553626,
          51.6519012
        ],
        "type": "Point"
      },
      "id": "DCGB-OSM-WAY-240952254",
      "properties": {
        "eligible_for_company_binding": false,
        "facility_identity_status": "SOURCE_ELEMENT_ONLY",
        "lifecycle": "OPERATIONAL_OR_UNSPECIFIED",
        "name_raw": null,
        "operator_raw": null,
        "owner_raw": null,
        "source_attribution": "© OpenStreetMap contributors",
        "source_licence": "ODbL-1.0",
        "source_record_id": "DCGB-OSM-WAY-240952254",
        "source_url": "https://www.openstreetmap.org/way/240952254"
      },
      "type": "Feature"
    },
    {
      "geometry": {
        "coordinates": [
          -3.4096908,
          55.9293897
        ],
        "type": "Point"
      },
      "id": "DCGB-OSM-WAY-251948724",
      "properties": {
        "eligible_for_company_binding": false,
        "facility_identity_status": "SOURCE_ELEMENT_ONLY",
        "lifecycle": "OPERATIONAL_OR_UNSPECIFIED",
        "name_raw": null,
        "operator_raw": null,
        "owner_raw": null,
        "source_attribution": "© OpenStreetMap contributors",
        "source_licence": "ODbL-1.0",
        "source_record_id": "DCGB-OSM-WAY-251948724",
        "source_url": "https://www.openstreetmap.org/way/251948724"
      },
      "type": "Feature"
    },
    {
      "geometry": {
        "coordinates": [
          -0.3974058,
          51.468303
        ],
        "type": "Point"
      },
      "id": "DCGB-OSM-WAY-254132701",
      "properties": {
        "eligible_for_company_binding": false,
        "facility_identity_status": "SOURCE_ELEMENT_ONLY",
        "lifecycle": "OPERATIONAL_OR_UNSPECIFIED",
        "name_raw": null,
        "operator_raw": null,
        "owner_raw": null,
        "source_attribution": "© OpenStreetMap contributors",
        "source_licence": "ODbL-1.0",
        "source_record_id": "DCGB-OSM-WAY-254132701",
        "source_url": "https://www.openstreetmap.org/way/254132701"
      },
      "type": "Feature"
    },
    {
      "geometry": {
        "coordinates": [
          -2.9295354,
          53.2452627
        ],
        "type": "Point"
      },
      "id": "DCGB-OSM-WAY-256764286",
      "properties": {
        "eligible_for_company_binding": false,
        "facility_identity_status": "SOURCE_ELEMENT_ONLY",
        "lifecycle": "OPERATIONAL_OR_UNSPECIFIED",
        "name_raw": null,
        "operator_raw": null,
        "owner_raw": null,
        "source_attribution": "© OpenStreetMap contributors",
        "source_licence": "ODbL-1.0",
        "source_record_id": "DCGB-OSM-WAY-256764286",
        "source_url": "https://www.openstreetmap.org/way/256764286"
      },
      "type": "Feature"
    },
    {
      "geometry": {
        "coordinates": [
          -0.0153399,
          51.4982057
        ],
        "type": "Point"
      },
      "id": "DCGB-OSM-WAY-257754194",
      "properties": {
        "eligible_for_company_binding": false,
        "facility_identity_status": "SOURCE_ELEMENT_ONLY",
        "lifecycle": "OPERATIONAL_OR_UNSPECIFIED",
        "name_raw": null,
        "operator_raw": null,
        "owner_raw": null,
        "source_attribution": "© OpenStreetMap contributors",
        "source_licence": "ODbL-1.0",
        "source_record_id": "DCGB-OSM-WAY-257754194",
        "source_url": "https://www.openstreetmap.org/way/257754194"
      },
      "type": "Feature"
    },
    {
      "geometry": {
        "coordinates": [
          -0.0144922,
          51.4981409
        ],
        "type": "Point"
      },
      "id": "DCGB-OSM-WAY-258625769",
      "properties": {
        "eligible_for_company_binding": false,
        "facility_identity_status": "SOURCE_ELEMENT_ONLY",
        "lifecycle": "OPERATIONAL_OR_UNSPECIFIED",
        "name_raw": null,
        "operator_raw": null,
        "owner_raw": null,
        "source_attribution": "© OpenStreetMap contributors",
        "source_licence": "ODbL-1.0",
        "source_record_id": "DCGB-OSM-WAY-258625769",
        "source_url": "https://www.openstreetmap.org/way/258625769"
      },
      "type": "Feature"
    },
    {
      "geometry": {
        "coordinates": [
          -1.1120203,
          53.5042725
        ],
        "type": "Point"
      },
      "id": "DCGB-OSM-WAY-265076098",
      "properties": {
        "eligible_for_company_binding": false,
        "facility_identity_status": "SOURCE_ELEMENT_ONLY",
        "lifecycle": "OPERATIONAL_OR_UNSPECIFIED",
        "name_raw": null,
        "operator_raw": null,
        "owner_raw": null,
        "source_attribution": "© OpenStreetMap contributors",
        "source_licence": "ODbL-1.0",
        "source_record_id": "DCGB-OSM-WAY-265076098",
        "source_url": "https://www.openstreetmap.org/way/265076098"
      },
      "type": "Feature"
    },
    {
      "geometry": {
        "coordinates": [
          -0.0710402,
          51.5173812
        ],
        "type": "Point"
      },
      "id": "DCGB-OSM-WAY-267568325",
      "properties": {
        "eligible_for_company_binding": false,
        "facility_identity_status": "SOURCE_ELEMENT_ONLY",
        "lifecycle": "OPERATIONAL_OR_UNSPECIFIED",
        "name_raw": null,
        "operator_raw": null,
        "owner_raw": null,
        "source_attribution": "© OpenStreetMap contributors",
        "source_licence": "ODbL-1.0",
        "source_record_id": "DCGB-OSM-WAY-267568325",
        "source_url": "https://www.openstreetmap.org/way/267568325"
      },
      "type": "Feature"
    },
    {
      "geometry": {
        "coordinates": [
          0.0019607,
          51.515406
        ],
        "type": "Point"
      },
      "id": "DCGB-OSM-WAY-270023895",
      "properties": {
        "eligible_for_company_binding": false,
        "facility_identity_status": "SOURCE_ELEMENT_ONLY",
        "lifecycle": "OPERATIONAL_OR_UNSPECIFIED",
        "name_raw": null,
        "operator_raw": null,
        "owner_raw": null,
        "source_attribution": "© OpenStreetMap contributors",
        "source_licence": "ODbL-1.0",
        "source_record_id": "DCGB-OSM-WAY-270023895",
        "source_url": "https://www.openstreetmap.org/way/270023895"
      },
      "type": "Feature"
    },
    {
      "geometry": {
        "coordinates": [
          -0.0731386,
          51.5215881
        ],
        "type": "Point"
      },
      "id": "DCGB-OSM-WAY-270426364",
      "properties": {
        "eligible_for_company_binding": false,
        "facility_identity_status": "SOURCE_ELEMENT_ONLY",
        "lifecycle": "OPERATIONAL_OR_UNSPECIFIED",
        "name_raw": null,
        "operator_raw": null,
        "owner_raw": null,
        "source_attribution": "© OpenStreetMap contributors",
        "source_licence": "ODbL-1.0",
        "source_record_id": "DCGB-OSM-WAY-270426364",
        "source_url": "https://www.openstreetmap.org/way/270426364"
      },
      "type": "Feature"
    },
    {
      "geometry": {
        "coordinates": [
          -1.8833659,
          52.3121903
        ],
        "type": "Point"
      },
      "id": "DCGB-OSM-WAY-286648420",
      "properties": {
        "eligible_for_company_binding": false,
        "facility_identity_status": "SOURCE_ELEMENT_ONLY",
        "lifecycle": "OPERATIONAL_OR_UNSPECIFIED",
        "name_raw": null,
        "operator_raw": null,
        "owner_raw": null,
        "source_attribution": "© OpenStreetMap contributors",
        "source_licence": "ODbL-1.0",
        "source_record_id": "DCGB-OSM-WAY-286648420",
        "source_url": "https://www.openstreetmap.org/way/286648420"
      },
      "type": "Feature"
    },
    {
      "geometry": {
        "coordinates": [
          0.079334,
          52.2088956
        ],
        "type": "Point"
      },
      "id": "DCGB-OSM-WAY-305726393",
      "properties": {
        "eligible_for_company_binding": false,
        "facility_identity_status": "SOURCE_ELEMENT_ONLY",
        "lifecycle": "OPERATIONAL_OR_UNSPECIFIED",
        "name_raw": null,
        "operator_raw": null,
        "owner_raw": null,
        "source_attribution": "© OpenStreetMap contributors",
        "source_licence": "ODbL-1.0",
        "source_record_id": "DCGB-OSM-WAY-305726393",
        "source_url": "https://www.openstreetmap.org/way/305726393"
      },
      "type": "Feature"
    },
    {
      "geometry": {
        "coordinates": [
          -1.377013,
          53.7034936
        ],
        "type": "Point"
      },
      "id": "DCGB-OSM-WAY-314914896",
      "properties": {
        "eligible_for_company_binding": false,
        "facility_identity_status": "SOURCE_ELEMENT_ONLY",
        "lifecycle": "OPERATIONAL_OR_UNSPECIFIED",
        "name_raw": null,
        "operator_raw": null,
        "owner_raw": null,
        "source_attribution": "© OpenStreetMap contributors",
        "source_licence": "ODbL-1.0",
        "source_record_id": "DCGB-OSM-WAY-314914896",
        "source_url": "https://www.openstreetmap.org/way/314914896"
      },
      "type": "Feature"
    },
    {
      "geometry": {
        "coordinates": [
          -0.0110653,
          51.4998389
        ],
        "type": "Point"
      },
      "id": "DCGB-OSM-WAY-320724394",
      "properties": {
        "eligible_for_company_binding": false,
        "facility_identity_status": "SOURCE_ELEMENT_ONLY",
        "lifecycle": "OPERATIONAL_OR_UNSPECIFIED",
        "name_raw": null,
        "operator_raw": null,
        "owner_raw": null,
        "source_attribution": "© OpenStreetMap contributors",
        "source_licence": "ODbL-1.0",
        "source_record_id": "DCGB-OSM-WAY-320724394",
        "source_url": "https://www.openstreetmap.org/way/320724394"
      },
      "type": "Feature"
    },
    {
      "geometry": {
        "coordinates": [
          -0.3689938,
          51.5049006
        ],
        "type": "Point"
      },
      "id": "DCGB-OSM-WAY-324811964",
      "properties": {
        "eligible_for_company_binding": false,
        "facility_identity_status": "SOURCE_ELEMENT_ONLY",
        "lifecycle": "PROPOSED",
        "name_raw": null,
        "operator_raw": null,
        "owner_raw": null,
        "source_attribution": "© OpenStreetMap contributors",
        "source_licence": "ODbL-1.0",
        "source_record_id": "DCGB-OSM-WAY-324811964",
        "source_url": "https://www.openstreetmap.org/way/324811964"
      },
      "type": "Feature"
    },
    {
      "geometry": {
        "coordinates": [
          -0.402857,
          51.5003976
        ],
        "type": "Point"
      },
      "id": "DCGB-OSM-WAY-326884636",
      "properties": {
        "eligible_for_company_binding": false,
        "facility_identity_status": "SOURCE_ELEMENT_ONLY",
        "lifecycle": "PROPOSED",
        "name_raw": null,
        "operator_raw": null,
        "owner_raw": null,
        "source_attribution": "© OpenStreetMap contributors",
        "source_licence": "ODbL-1.0",
        "source_record_id": "DCGB-OSM-WAY-326884636",
        "source_url": "https://www.openstreetmap.org/way/326884636"
      },
      "type": "Feature"
    },
    {
      "geometry": {
        "coordinates": [
          -0.011826,
          51.5006126
        ],
        "type": "Point"
      },
      "id": "DCGB-OSM-WAY-358447150",
      "properties": {
        "eligible_for_company_binding": false,
        "facility_identity_status": "SOURCE_ELEMENT_ONLY",
        "lifecycle": "OPERATIONAL_OR_UNSPECIFIED",
        "name_raw": null,
        "operator_raw": null,
        "owner_raw": null,
        "source_attribution": "© OpenStreetMap contributors",
        "source_licence": "ODbL-1.0",
        "source_record_id": "DCGB-OSM-WAY-358447150",
        "source_url": "https://www.openstreetmap.org/way/358447150"
      },
      "type": "Feature"
    },
    {
      "geometry": {
        "coordinates": [
          -0.0419907,
          51.1354635
        ],
        "type": "Point"
      },
      "id": "DCGB-OSM-WAY-364385695",
      "properties": {
        "eligible_for_company_binding": false,
        "facility_identity_status": "SOURCE_ELEMENT_ONLY",
        "lifecycle": "OPERATIONAL_OR_UNSPECIFIED",
        "name_raw": null,
        "operator_raw": null,
        "owner_raw": null,
        "source_attribution": "© OpenStreetMap contributors",
        "source_licence": "ODbL-1.0",
        "source_record_id": "DCGB-OSM-WAY-364385695",
        "source_url": "https://www.openstreetmap.org/way/364385695"
      },
      "type": "Feature"
    },
    {
      "geometry": {
        "coordinates": [
          0.0300078,
          51.4935168
        ],
        "type": "Point"
      },
      "id": "DCGB-OSM-WAY-375842477",
      "properties": {
        "eligible_for_company_binding": false,
        "facility_identity_status": "SOURCE_ELEMENT_ONLY",
        "lifecycle": "OPERATIONAL_OR_UNSPECIFIED",
        "name_raw": null,
        "operator_raw": null,
        "owner_raw": null,
        "source_attribution": "© OpenStreetMap contributors",
        "source_licence": "ODbL-1.0",
        "source_record_id": "DCGB-OSM-WAY-375842477",
        "source_url": "https://www.openstreetmap.org/way/375842477"
      },
      "type": "Feature"
    },
    {
      "geometry": {
        "coordinates": [
          0.0310638,
          51.4937101
        ],
        "type": "Point"
      },
      "id": "DCGB-OSM-WAY-375842478",
      "properties": {
        "eligible_for_company_binding": false,
        "facility_identity_status": "SOURCE_ELEMENT_ONLY",
        "lifecycle": "OPERATIONAL_OR_UNSPECIFIED",
        "name_raw": null,
        "operator_raw": null,
        "owner_raw": null,
        "source_attribution": "© OpenStreetMap contributors",
        "source_licence": "ODbL-1.0",
        "source_record_id": "DCGB-OSM-WAY-375842478",
        "source_url": "https://www.openstreetmap.org/way/375842478"
      },
      "type": "Feature"
    },
    {
      "geometry": {
        "coordinates": [
          -0.6333195,
          51.5267957
        ],
        "type": "Point"
      },
      "id": "DCGB-OSM-WAY-393243674",
      "properties": {
        "eligible_for_company_binding": false,
        "facility_identity_status": "SOURCE_ELEMENT_ONLY",
        "lifecycle": "OPERATIONAL_OR_UNSPECIFIED",
        "name_raw": null,
        "operator_raw": null,
        "owner_raw": null,
        "source_attribution": "© OpenStreetMap contributors",
        "source_licence": "ODbL-1.0",
        "source_record_id": "DCGB-OSM-WAY-393243674",
        "source_url": "https://www.openstreetmap.org/way/393243674"
      },
      "type": "Feature"
    },
    {
      "geometry": {
        "coordinates": [
          -1.8848533,
          53.7091115
        ],
        "type": "Point"
      },
      "id": "DCGB-OSM-WAY-403124342",
      "properties": {
        "eligible_for_company_binding": false,
        "facility_identity_status": "SOURCE_ELEMENT_ONLY",
        "lifecycle": "OPERATIONAL_OR_UNSPECIFIED",
        "name_raw": null,
        "operator_raw": null,
        "owner_raw": null,
        "source_attribution": "© OpenStreetMap contributors",
        "source_licence": "ODbL-1.0",
        "source_record_id": "DCGB-OSM-WAY-403124342",
        "source_url": "https://www.openstreetmap.org/way/403124342"
      },
      "type": "Feature"
    },
    {
      "geometry": {
        "coordinates": [
          -1.883349,
          53.7084196
        ],
        "type": "Point"
      },
      "id": "DCGB-OSM-WAY-403124345",
      "properties": {
        "eligible_for_company_binding": false,
        "facility_identity_status": "SOURCE_ELEMENT_ONLY",
        "lifecycle": "OPERATIONAL_OR_UNSPECIFIED",
        "name_raw": null,
        "operator_raw": null,
        "owner_raw": null,
        "source_attribution": "© OpenStreetMap contributors",
        "source_licence": "ODbL-1.0",
        "source_record_id": "DCGB-OSM-WAY-403124345",
        "source_url": "https://www.openstreetmap.org/way/403124345"
      },
      "type": "Feature"
    },
    {
      "geometry": {
        "coordinates": [
          -0.0138038,
          51.4611515
        ],
        "type": "Point"
      },
      "id": "DCGB-OSM-WAY-431542356",
      "properties": {
        "eligible_for_company_binding": false,
        "facility_identity_status": "SOURCE_ELEMENT_ONLY",
        "lifecycle": "OPERATIONAL_OR_UNSPECIFIED",
        "name_raw": null,
        "operator_raw": null,
        "owner_raw": null,
        "source_attribution": "© OpenStreetMap contributors",
        "source_licence": "ODbL-1.0",
        "source_record_id": "DCGB-OSM-WAY-431542356",
        "source_url": "https://www.openstreetmap.org/way/431542356"
      },
      "type": "Feature"
    },
    {
      "geometry": {
        "coordinates": [
          -1.2089785,
          52.5833804
        ],
        "type": "Point"
      },
      "id": "DCGB-OSM-WAY-447240912",
      "properties": {
        "eligible_for_company_binding": false,
        "facility_identity_status": "SOURCE_ELEMENT_ONLY",
        "lifecycle": "OPERATIONAL_OR_UNSPECIFIED",
        "name_raw": null,
        "operator_raw": null,
        "owner_raw": null,
        "source_attribution": "© OpenStreetMap contributors",
        "source_licence": "ODbL-1.0",
        "source_record_id": "DCGB-OSM-WAY-447240912",
        "source_url": "https://www.openstreetmap.org/way/447240912"
      },
      "type": "Feature"
    },
    {
      "geometry": {
        "coordinates": [
          -0.6160237,
          51.5170188
        ],
        "type": "Point"
      },
      "id": "DCGB-OSM-WAY-447245005",
      "properties": {
        "eligible_for_company_binding": false,
        "facility_identity_status": "SOURCE_ELEMENT_ONLY",
        "lifecycle": "OPERATIONAL_OR_UNSPECIFIED",
        "name_raw": null,
        "operator_raw": null,
        "owner_raw": null,
        "source_attribution": "© OpenStreetMap contributors",
        "source_licence": "ODbL-1.0",
        "source_record_id": "DCGB-OSM-WAY-447245005",
        "source_url": "https://www.openstreetmap.org/way/447245005"
      },
      "type": "Feature"
    },
    {
      "geometry": {
        "coordinates": [
          -0.6179162,
          51.516456
        ],
        "type": "Point"
      },
      "id": "DCGB-OSM-WAY-447245008",
      "properties": {
        "eligible_for_company_binding": false,
        "facility_identity_status": "SOURCE_ELEMENT_ONLY",
        "lifecycle": "OPERATIONAL_OR_UNSPECIFIED",
        "name_raw": null,
        "operator_raw": null,
        "owner_raw": null,
        "source_attribution": "© OpenStreetMap contributors",
        "source_licence": "ODbL-1.0",
        "source_record_id": "DCGB-OSM-WAY-447245008",
        "source_url": "https://www.openstreetmap.org/way/447245008"
      },
      "type": "Feature"
    },
    {
      "geometry": {
        "coordinates": [
          -0.6162721,
          51.51557
        ],
        "type": "Point"
      },
      "id": "DCGB-OSM-WAY-447245009",
      "properties": {
        "eligible_for_company_binding": false,
        "facility_identity_status": "SOURCE_ELEMENT_ONLY",
        "lifecycle": "OPERATIONAL_OR_UNSPECIFIED",
        "name_raw": null,
        "operator_raw": null,
        "owner_raw": null,
        "source_attribution": "© OpenStreetMap contributors",
        "source_licence": "ODbL-1.0",
        "source_record_id": "DCGB-OSM-WAY-447245009",
        "source_url": "https://www.openstreetmap.org/way/447245009"
      },
      "type": "Feature"
    },
    {
      "geometry": {
        "coordinates": [
          -0.614636,
          51.5163646
        ],
        "type": "Point"
      },
      "id": "DCGB-OSM-WAY-447245010",
      "properties": {
        "eligible_for_company_binding": false,
        "facility_identity_status": "SOURCE_ELEMENT_ONLY",
        "lifecycle": "OPERATIONAL_OR_UNSPECIFIED",
        "name_raw": null,
        "operator_raw": null,
        "owner_raw": null,
        "source_attribution": "© OpenStreetMap contributors",
        "source_licence": "ODbL-1.0",
        "source_record_id": "DCGB-OSM-WAY-447245010",
        "source_url": "https://www.openstreetmap.org/way/447245010"
      },
      "type": "Feature"
    },
    {
      "geometry": {
        "coordinates": [
          -0.6188497,
          51.5167148
        ],
        "type": "Point"
      },
      "id": "DCGB-OSM-WAY-447320367",
      "properties": {
        "eligible_for_company_binding": false,
        "facility_identity_status": "SOURCE_ELEMENT_ONLY",
        "lifecycle": "OPERATIONAL_OR_UNSPECIFIED",
        "name_raw": null,
        "operator_raw": null,
        "owner_raw": null,
        "source_attribution": "© OpenStreetMap contributors",
        "source_licence": "ODbL-1.0",
        "source_record_id": "DCGB-OSM-WAY-447320367",
        "source_url": "https://www.openstreetmap.org/way/447320367"
      },
      "type": "Feature"
    },
    {
      "geometry": {
        "coordinates": [
          -0.7790299,
          51.6199
        ],
        "type": "Point"
      },
      "id": "DCGB-OSM-WAY-459025630",
      "properties": {
        "eligible_for_company_binding": false,
        "facility_identity_status": "SOURCE_ELEMENT_ONLY",
        "lifecycle": "OPERATIONAL_OR_UNSPECIFIED",
        "name_raw": null,
        "operator_raw": null,
        "owner_raw": null,
        "source_attribution": "© OpenStreetMap contributors",
        "source_licence": "ODbL-1.0",
        "source_record_id": "DCGB-OSM-WAY-459025630",
        "source_url": "https://www.openstreetmap.org/way/459025630"
      },
      "type": "Feature"
    },
    {
      "geometry": {
        "coordinates": [
          -0.6213452,
          51.5228223
        ],
        "type": "Point"
      },
      "id": "DCGB-OSM-WAY-459572486",
      "properties": {
        "eligible_for_company_binding": false,
        "facility_identity_status": "SOURCE_ELEMENT_ONLY",
        "lifecycle": "OPERATIONAL_OR_UNSPECIFIED",
        "name_raw": null,
        "operator_raw": null,
        "owner_raw": null,
        "source_attribution": "© OpenStreetMap contributors",
        "source_licence": "ODbL-1.0",
        "source_record_id": "DCGB-OSM-WAY-459572486",
        "source_url": "https://www.openstreetmap.org/way/459572486"
      },
      "type": "Feature"
    },
    {
      "geometry": {
        "coordinates": [
          -0.4271464,
          51.5067717
        ],
        "type": "Point"
      },
      "id": "DCGB-OSM-WAY-459589221",
      "properties": {
        "eligible_for_company_binding": false,
        "facility_identity_status": "SOURCE_ELEMENT_ONLY",
        "lifecycle": "OPERATIONAL_OR_UNSPECIFIED",
        "name_raw": null,
        "operator_raw": null,
        "owner_raw": null,
        "source_attribution": "© OpenStreetMap contributors",
        "source_licence": "ODbL-1.0",
        "source_record_id": "DCGB-OSM-WAY-459589221",
        "source_url": "https://www.openstreetmap.org/way/459589221"
      },
      "type": "Feature"
    },
    {
      "geometry": {
        "coordinates": [
          -0.6209389,
          51.5214331
        ],
        "type": "Point"
      },
      "id": "DCGB-OSM-WAY-459600800",
      "properties": {
        "eligible_for_company_binding": false,
        "facility_identity_status": "SOURCE_ELEMENT_ONLY",
        "lifecycle": "OPERATIONAL_OR_UNSPECIFIED",
        "name_raw": null,
        "operator_raw": null,
        "owner_raw": null,
        "source_attribution": "© OpenStreetMap contributors",
        "source_licence": "ODbL-1.0",
        "source_record_id": "DCGB-OSM-WAY-459600800",
        "source_url": "https://www.openstreetmap.org/way/459600800"
      },
      "type": "Feature"
    },
    {
      "geometry": {
        "coordinates": [
          -0.6171466,
          51.5229154
        ],
        "type": "Point"
      },
      "id": "DCGB-OSM-WAY-459600829",
      "properties": {
        "eligible_for_company_binding": false,
        "facility_identity_status": "SOURCE_ELEMENT_ONLY",
        "lifecycle": "OPERATIONAL_OR_UNSPECIFIED",
        "name_raw": null,
        "operator_raw": null,
        "owner_raw": null,
        "source_attribution": "© OpenStreetMap contributors",
        "source_licence": "ODbL-1.0",
        "source_record_id": "DCGB-OSM-WAY-459600829",
        "source_url": "https://www.openstreetmap.org/way/459600829"
      },
      "type": "Feature"
    },
    {
      "geometry": {
        "coordinates": [
          -0.2558966,
          51.5300072
        ],
        "type": "Point"
      },
      "id": "DCGB-OSM-WAY-459613192",
      "properties": {
        "eligible_for_company_binding": false,
        "facility_identity_status": "SOURCE_ELEMENT_ONLY",
        "lifecycle": "OPERATIONAL_OR_UNSPECIFIED",
        "name_raw": null,
        "operator_raw": null,
        "owner_raw": null,
        "source_attribution": "© OpenStreetMap contributors",
        "source_licence": "ODbL-1.0",
        "source_record_id": "DCGB-OSM-WAY-459613192",
        "source_url": "https://www.openstreetmap.org/way/459613192"
      },
      "type": "Feature"
    },
    {
      "geometry": {
        "coordinates": [
          -0.7553817,
          52.0550736
        ],
        "type": "Point"
      },
      "id": "DCGB-OSM-WAY-460010262",
      "properties": {
        "eligible_for_company_binding": false,
        "facility_identity_status": "SOURCE_ELEMENT_ONLY",
        "lifecycle": "OPERATIONAL_OR_UNSPECIFIED",
        "name_raw": null,
        "operator_raw": null,
        "owner_raw": null,
        "source_attribution": "© OpenStreetMap contributors",
        "source_licence": "ODbL-1.0",
        "source_record_id": "DCGB-OSM-WAY-460010262",
        "source_url": "https://www.openstreetmap.org/way/460010262"
      },
      "type": "Feature"
    },
    {
      "geometry": {
        "coordinates": [
          -0.7572426,
          52.0546866
        ],
        "type": "Point"
      },
      "id": "DCGB-OSM-WAY-460010263",
      "properties": {
        "eligible_for_company_binding": false,
        "facility_identity_status": "SOURCE_ELEMENT_ONLY",
        "lifecycle": "OPERATIONAL_OR_UNSPECIFIED",
        "name_raw": null,
        "operator_raw": null,
        "owner_raw": null,
        "source_attribution": "© OpenStreetMap contributors",
        "source_licence": "ODbL-1.0",
        "source_record_id": "DCGB-OSM-WAY-460010263",
        "source_url": "https://www.openstreetmap.org/way/460010263"
      },
      "type": "Feature"
    },
    {
      "geometry": {
        "coordinates": [
          -1.2904722,
          51.3770297
        ],
        "type": "Point"
      },
      "id": "DCGB-OSM-WAY-460206687",
      "properties": {
        "eligible_for_company_binding": false,
        "facility_identity_status": "SOURCE_ELEMENT_ONLY",
        "lifecycle": "OPERATIONAL_OR_UNSPECIFIED",
        "name_raw": null,
        "operator_raw": null,
        "owner_raw": null,
        "source_attribution": "© OpenStreetMap contributors",
        "source_licence": "ODbL-1.0",
        "source_record_id": "DCGB-OSM-WAY-460206687",
        "source_url": "https://www.openstreetmap.org/way/460206687"
      },
      "type": "Feature"
    },
    {
      "geometry": {
        "coordinates": [
          1.2963278,
          51.271195
        ],
        "type": "Point"
      },
      "id": "DCGB-OSM-WAY-460210729",
      "properties": {
        "eligible_for_company_binding": false,
        "facility_identity_status": "SOURCE_ELEMENT_ONLY",
        "lifecycle": "OPERATIONAL_OR_UNSPECIFIED",
        "name_raw": null,
        "operator_raw": null,
        "owner_raw": null,
        "source_attribution": "© OpenStreetMap contributors",
        "source_licence": "ODbL-1.0",
        "source_record_id": "DCGB-OSM-WAY-460210729",
        "source_url": "https://www.openstreetmap.org/way/460210729"
      },
      "type": "Feature"
    },
    {
      "geometry": {
        "coordinates": [
          -0.1596895,
          51.2477532
        ],
        "type": "Point"
      },
      "id": "DCGB-OSM-WAY-460244923",
      "properties": {
        "eligible_for_company_binding": false,
        "facility_identity_status": "SOURCE_ELEMENT_ONLY",
        "lifecycle": "OPERATIONAL_OR_UNSPECIFIED",
        "name_raw": null,
        "operator_raw": null,
        "owner_raw": null,
        "source_attribution": "© OpenStreetMap contributors",
        "source_licence": "ODbL-1.0",
        "source_record_id": "DCGB-OSM-WAY-460244923",
        "source_url": "https://www.openstreetmap.org/way/460244923"
      },
      "type": "Feature"
    },
    {
      "geometry": {
        "coordinates": [
          -0.1572905,
          51.2479408
        ],
        "type": "Point"
      },
      "id": "DCGB-OSM-WAY-460244927",
      "properties": {
        "eligible_for_company_binding": false,
        "facility_identity_status": "SOURCE_ELEMENT_ONLY",
        "lifecycle": "OPERATIONAL_OR_UNSPECIFIED",
        "name_raw": null,
        "operator_raw": null,
        "owner_raw": null,
        "source_attribution": "© OpenStreetMap contributors",
        "source_licence": "ODbL-1.0",
        "source_record_id": "DCGB-OSM-WAY-460244927",
        "source_url": "https://www.openstreetmap.org/way/460244927"
      },
      "type": "Feature"
    },
    {
      "geometry": {
        "coordinates": [
          -0.1586246,
          51.2476379
        ],
        "type": "Point"
      },
      "id": "DCGB-OSM-WAY-460244928",
      "properties": {
        "eligible_for_company_binding": false,
        "facility_identity_status": "SOURCE_ELEMENT_ONLY",
        "lifecycle": "OPERATIONAL_OR_UNSPECIFIED",
        "name_raw": null,
        "operator_raw": null,
        "owner_raw": null,
        "source_attribution": "© OpenStreetMap contributors",
        "source_licence": "ODbL-1.0",
        "source_record_id": "DCGB-OSM-WAY-460244928",
        "source_url": "https://www.openstreetmap.org/way/460244928"
      },
      "type": "Feature"
    },
    {
      "geometry": {
        "coordinates": [
          -0.4276473,
          51.6428492
        ],
        "type": "Point"
      },
      "id": "DCGB-OSM-WAY-460246772",
      "properties": {
        "eligible_for_company_binding": false,
        "facility_identity_status": "SOURCE_ELEMENT_ONLY",
        "lifecycle": "OPERATIONAL_OR_UNSPECIFIED",
        "name_raw": null,
        "operator_raw": null,
        "owner_raw": null,
        "source_attribution": "© OpenStreetMap contributors",
        "source_licence": "ODbL-1.0",
        "source_record_id": "DCGB-OSM-WAY-460246772",
        "source_url": "https://www.openstreetmap.org/way/460246772"
      },
      "type": "Feature"
    },
    {
      "geometry": {
        "coordinates": [
          0.4848784,
          51.5866746
        ],
        "type": "Point"
      },
      "id": "DCGB-OSM-WAY-460956016",
      "properties": {
        "eligible_for_company_binding": false,
        "facility_identity_status": "SOURCE_ELEMENT_ONLY",
        "lifecycle": "OPERATIONAL_OR_UNSPECIFIED",
        "name_raw": null,
        "operator_raw": null,
        "owner_raw": null,
        "source_attribution": "© OpenStreetMap contributors",
        "source_licence": "ODbL-1.0",
        "source_record_id": "DCGB-OSM-WAY-460956016",
        "source_url": "https://www.openstreetmap.org/way/460956016"
      },
      "type": "Feature"
    },
    {
      "geometry": {
        "coordinates": [
          -3.9525146,
          55.8344313
        ],
        "type": "Point"
      },
      "id": "DCGB-OSM-WAY-490844969",
      "properties": {
        "eligible_for_company_binding": false,
        "facility_identity_status": "SOURCE_ELEMENT_ONLY",
        "lifecycle": "OPERATIONAL_OR_UNSPECIFIED",
        "name_raw": null,
        "operator_raw": null,
        "owner_raw": null,
        "source_attribution": "© OpenStreetMap contributors",
        "source_licence": "ODbL-1.0",
        "source_record_id": "DCGB-OSM-WAY-490844969",
        "source_url": "https://www.openstreetmap.org/way/490844969"
      },
      "type": "Feature"
    },
    {
      "geometry": {
        "coordinates": [
          -0.0005474,
          51.5121049
        ],
        "type": "Point"
      },
      "id": "DCGB-OSM-WAY-497956675",
      "properties": {
        "eligible_for_company_binding": false,
        "facility_identity_status": "SOURCE_ELEMENT_ONLY",
        "lifecycle": "OPERATIONAL_OR_UNSPECIFIED",
        "name_raw": null,
        "operator_raw": null,
        "owner_raw": null,
        "source_attribution": "© OpenStreetMap contributors",
        "source_licence": "ODbL-1.0",
        "source_record_id": "DCGB-OSM-WAY-497956675",
        "source_url": "https://www.openstreetmap.org/way/497956675"
      },
      "type": "Feature"
    },
    {
      "geometry": {
        "coordinates": [
          -0.645899,
          52.516024
        ],
        "type": "Point"
      },
      "id": "DCGB-OSM-WAY-503988314",
      "properties": {
        "eligible_for_company_binding": false,
        "facility_identity_status": "SOURCE_ELEMENT_ONLY",
        "lifecycle": "OPERATIONAL_OR_UNSPECIFIED",
        "name_raw": null,
        "operator_raw": null,
        "owner_raw": null,
        "source_attribution": "© OpenStreetMap contributors",
        "source_licence": "ODbL-1.0",
        "source_record_id": "DCGB-OSM-WAY-503988314",
        "source_url": "https://www.openstreetmap.org/way/503988314"
      },
      "type": "Feature"
    },
    {
      "geometry": {
        "coordinates": [
          -2.4858019,
          51.8715292
        ],
        "type": "Point"
      },
      "id": "DCGB-OSM-WAY-510493859",
      "properties": {
        "eligible_for_company_binding": false,
        "facility_identity_status": "SOURCE_ELEMENT_ONLY",
        "lifecycle": "OPERATIONAL_OR_UNSPECIFIED",
        "name_raw": null,
        "operator_raw": null,
        "owner_raw": null,
        "source_attribution": "© OpenStreetMap contributors",
        "source_licence": "ODbL-1.0",
        "source_record_id": "DCGB-OSM-WAY-510493859",
        "source_url": "https://www.openstreetmap.org/way/510493859"
      },
      "type": "Feature"
    },
    {
      "geometry": {
        "coordinates": [
          -0.7654248,
          51.4129104
        ],
        "type": "Point"
      },
      "id": "DCGB-OSM-WAY-516481255",
      "properties": {
        "eligible_for_company_binding": false,
        "facility_identity_status": "SOURCE_ELEMENT_ONLY",
        "lifecycle": "OPERATIONAL_OR_UNSPECIFIED",
        "name_raw": null,
        "operator_raw": null,
        "owner_raw": null,
        "source_attribution": "© OpenStreetMap contributors",
        "source_licence": "ODbL-1.0",
        "source_record_id": "DCGB-OSM-WAY-516481255",
        "source_url": "https://www.openstreetmap.org/way/516481255"
      },
      "type": "Feature"
    },
    {
      "geometry": {
        "coordinates": [
          -0.5013188,
          51.8977355
        ],
        "type": "Point"
      },
      "id": "DCGB-OSM-WAY-526426719",
      "properties": {
        "eligible_for_company_binding": false,
        "facility_identity_status": "SOURCE_ELEMENT_ONLY",
        "lifecycle": "OPERATIONAL_OR_UNSPECIFIED",
        "name_raw": null,
        "operator_raw": null,
        "owner_raw": null,
        "source_attribution": "© OpenStreetMap contributors",
        "source_licence": "ODbL-1.0",
        "source_record_id": "DCGB-OSM-WAY-526426719",
        "source_url": "https://www.openstreetmap.org/way/526426719"
      },
      "type": "Feature"
    },
    {
      "geometry": {
        "coordinates": [
          -1.7301983,
          51.6020084
        ],
        "type": "Point"
      },
      "id": "DCGB-OSM-WAY-558958575",
      "properties": {
        "eligible_for_company_binding": false,
        "facility_identity_status": "SOURCE_ELEMENT_ONLY",
        "lifecycle": "OPERATIONAL_OR_UNSPECIFIED",
        "name_raw": null,
        "operator_raw": null,
        "owner_raw": null,
        "source_attribution": "© OpenStreetMap contributors",
        "source_licence": "ODbL-1.0",
        "source_record_id": "DCGB-OSM-WAY-558958575",
        "source_url": "https://www.openstreetmap.org/way/558958575"
      },
      "type": "Feature"
    },
    {
      "geometry": {
        "coordinates": [
          -2.2185032,
          51.4187452
        ],
        "type": "Point"
      },
      "id": "DCGB-OSM-WAY-574135457",
      "properties": {
        "eligible_for_company_binding": false,
        "facility_identity_status": "SOURCE_ELEMENT_ONLY",
        "lifecycle": "OPERATIONAL_OR_UNSPECIFIED",
        "name_raw": null,
        "operator_raw": null,
        "owner_raw": null,
        "source_attribution": "© OpenStreetMap contributors",
        "source_licence": "ODbL-1.0",
        "source_record_id": "DCGB-OSM-WAY-574135457",
        "source_url": "https://www.openstreetmap.org/way/574135457"
      },
      "type": "Feature"
    },
    {
      "geometry": {
        "coordinates": [
          -2.2205758,
          51.4183627
        ],
        "type": "Point"
      },
      "id": "DCGB-OSM-WAY-574135468",
      "properties": {
        "eligible_for_company_binding": false,
        "facility_identity_status": "SOURCE_ELEMENT_ONLY",
        "lifecycle": "OPERATIONAL_OR_UNSPECIFIED",
        "name_raw": null,
        "operator_raw": null,
        "owner_raw": null,
        "source_attribution": "© OpenStreetMap contributors",
        "source_licence": "ODbL-1.0",
        "source_record_id": "DCGB-OSM-WAY-574135468",
        "source_url": "https://www.openstreetmap.org/way/574135468"
      },
      "type": "Feature"
    },
    {
      "geometry": {
        "coordinates": [
          -2.22305,
          51.4184644
        ],
        "type": "Point"
      },
      "id": "DCGB-OSM-WAY-574135471",
      "properties": {
        "eligible_for_company_binding": false,
        "facility_identity_status": "SOURCE_ELEMENT_ONLY",
        "lifecycle": "OPERATIONAL_OR_UNSPECIFIED",
        "name_raw": null,
        "operator_raw": null,
        "owner_raw": null,
        "source_attribution": "© OpenStreetMap contributors",
        "source_licence": "ODbL-1.0",
        "source_record_id": "DCGB-OSM-WAY-574135471",
        "source_url": "https://www.openstreetmap.org/way/574135471"
      },
      "type": "Feature"
    },
    {
      "geometry": {
        "coordinates": [
          -0.176786,
          51.12907
        ],
        "type": "Point"
      },
      "id": "DCGB-OSM-WAY-587679709",
      "properties": {
        "eligible_for_company_binding": false,
        "facility_identity_status": "SOURCE_ELEMENT_ONLY",
        "lifecycle": "OPERATIONAL_OR_UNSPECIFIED",
        "name_raw": null,
        "operator_raw": null,
        "owner_raw": null,
        "source_attribution": "© OpenStreetMap contributors",
        "source_licence": "ODbL-1.0",
        "source_record_id": "DCGB-OSM-WAY-587679709",
        "source_url": "https://www.openstreetmap.org/way/587679709"
      },
      "type": "Feature"
    },
    {
      "geometry": {
        "coordinates": [
          -0.4364535,
          51.7620214
        ],
        "type": "Point"
      },
      "id": "DCGB-OSM-WAY-595216849",
      "properties": {
        "eligible_for_company_binding": false,
        "facility_identity_status": "SOURCE_ELEMENT_ONLY",
        "lifecycle": "OPERATIONAL_OR_UNSPECIFIED",
        "name_raw": null,
        "operator_raw": null,
        "owner_raw": null,
        "source_attribution": "© OpenStreetMap contributors",
        "source_licence": "ODbL-1.0",
        "source_record_id": "DCGB-OSM-WAY-595216849",
        "source_url": "https://www.openstreetmap.org/way/595216849"
      },
      "type": "Feature"
    },
    {
      "geometry": {
        "coordinates": [
          -0.919028,
          52.234194
        ],
        "type": "Point"
      },
      "id": "DCGB-OSM-WAY-613855632",
      "properties": {
        "eligible_for_company_binding": false,
        "facility_identity_status": "SOURCE_ELEMENT_ONLY",
        "lifecycle": "OPERATIONAL_OR_UNSPECIFIED",
        "name_raw": null,
        "operator_raw": null,
        "owner_raw": null,
        "source_attribution": "© OpenStreetMap contributors",
        "source_licence": "ODbL-1.0",
        "source_record_id": "DCGB-OSM-WAY-613855632",
        "source_url": "https://www.openstreetmap.org/way/613855632"
      },
      "type": "Feature"
    },
    {
      "geometry": {
        "coordinates": [
          -2.1790008,
          53.4082158
        ],
        "type": "Point"
      },
      "id": "DCGB-OSM-WAY-620921953",
      "properties": {
        "eligible_for_company_binding": false,
        "facility_identity_status": "SOURCE_ELEMENT_ONLY",
        "lifecycle": "OPERATIONAL_OR_UNSPECIFIED",
        "name_raw": null,
        "operator_raw": null,
        "owner_raw": null,
        "source_attribution": "© OpenStreetMap contributors",
        "source_licence": "ODbL-1.0",
        "source_record_id": "DCGB-OSM-WAY-620921953",
        "source_url": "https://www.openstreetmap.org/way/620921953"
      },
      "type": "Feature"
    },
    {
      "geometry": {
        "coordinates": [
          -4.1004178,
          55.7804481
        ],
        "type": "Point"
      },
      "id": "DCGB-OSM-WAY-633645074",
      "properties": {
        "eligible_for_company_binding": false,
        "facility_identity_status": "SOURCE_ELEMENT_ONLY",
        "lifecycle": "OPERATIONAL_OR_UNSPECIFIED",
        "name_raw": null,
        "operator_raw": null,
        "owner_raw": null,
        "source_attribution": "© OpenStreetMap contributors",
        "source_licence": "ODbL-1.0",
        "source_record_id": "DCGB-OSM-WAY-633645074",
        "source_url": "https://www.openstreetmap.org/way/633645074"
      },
      "type": "Feature"
    },
    {
      "geometry": {
        "coordinates": [
          -0.4441576,
          51.5048149
        ],
        "type": "Point"
      },
      "id": "DCGB-OSM-WAY-658909713",
      "properties": {
        "eligible_for_company_binding": false,
        "facility_identity_status": "SOURCE_ELEMENT_ONLY",
        "lifecycle": "OPERATIONAL_OR_UNSPECIFIED",
        "name_raw": null,
        "operator_raw": null,
        "owner_raw": null,
        "source_attribution": "© OpenStreetMap contributors",
        "source_licence": "ODbL-1.0",
        "source_record_id": "DCGB-OSM-WAY-658909713",
        "source_url": "https://www.openstreetmap.org/way/658909713"
      },
      "type": "Feature"
    },
    {
      "geometry": {
        "coordinates": [
          -0.6245867,
          51.5222507
        ],
        "type": "Point"
      },
      "id": "DCGB-OSM-WAY-665572144",
      "properties": {
        "eligible_for_company_binding": false,
        "facility_identity_status": "SOURCE_ELEMENT_ONLY",
        "lifecycle": "OPERATIONAL_OR_UNSPECIFIED",
        "name_raw": null,
        "operator_raw": null,
        "owner_raw": null,
        "source_attribution": "© OpenStreetMap contributors",
        "source_licence": "ODbL-1.0",
        "source_record_id": "DCGB-OSM-WAY-665572144",
        "source_url": "https://www.openstreetmap.org/way/665572144"
      },
      "type": "Feature"
    },
    {
      "geometry": {
        "coordinates": [
          -0.6239391,
          51.523045
        ],
        "type": "Point"
      },
      "id": "DCGB-OSM-WAY-665572148",
      "properties": {
        "eligible_for_company_binding": false,
        "facility_identity_status": "SOURCE_ELEMENT_ONLY",
        "lifecycle": "OPERATIONAL_OR_UNSPECIFIED",
        "name_raw": null,
        "operator_raw": null,
        "owner_raw": null,
        "source_attribution": "© OpenStreetMap contributors",
        "source_licence": "ODbL-1.0",
        "source_record_id": "DCGB-OSM-WAY-665572148",
        "source_url": "https://www.openstreetmap.org/way/665572148"
      },
      "type": "Feature"
    },
    {
      "geometry": {
        "coordinates": [
          0.1292881,
          51.7691716
        ],
        "type": "Point"
      },
      "id": "DCGB-OSM-WAY-699790674",
      "properties": {
        "eligible_for_company_binding": false,
        "facility_identity_status": "SOURCE_ELEMENT_ONLY",
        "lifecycle": "OPERATIONAL_OR_UNSPECIFIED",
        "name_raw": null,
        "operator_raw": null,
        "owner_raw": null,
        "source_attribution": "© OpenStreetMap contributors",
        "source_licence": "ODbL-1.0",
        "source_record_id": "DCGB-OSM-WAY-699790674",
        "source_url": "https://www.openstreetmap.org/way/699790674"
      },
      "type": "Feature"
    },
    {
      "geometry": {
        "coordinates": [
          -0.6246734,
          51.5222992
        ],
        "type": "Point"
      },
      "id": "DCGB-OSM-WAY-702784280",
      "properties": {
        "eligible_for_company_binding": false,
        "facility_identity_status": "SOURCE_ELEMENT_ONLY",
        "lifecycle": "OPERATIONAL_OR_UNSPECIFIED",
        "name_raw": null,
        "operator_raw": null,
        "owner_raw": null,
        "source_attribution": "© OpenStreetMap contributors",
        "source_licence": "ODbL-1.0",
        "source_record_id": "DCGB-OSM-WAY-702784280",
        "source_url": "https://www.openstreetmap.org/way/702784280"
      },
      "type": "Feature"
    },
    {
      "geometry": {
        "coordinates": [
          -0.1761628,
          51.1274257
        ],
        "type": "Point"
      },
      "id": "DCGB-OSM-WAY-703332116",
      "properties": {
        "eligible_for_company_binding": false,
        "facility_identity_status": "SOURCE_ELEMENT_ONLY",
        "lifecycle": "OPERATIONAL_OR_UNSPECIFIED",
        "name_raw": null,
        "operator_raw": null,
        "owner_raw": null,
        "source_attribution": "© OpenStreetMap contributors",
        "source_licence": "ODbL-1.0",
        "source_record_id": "DCGB-OSM-WAY-703332116",
        "source_url": "https://www.openstreetmap.org/way/703332116"
      },
      "type": "Feature"
    },
    {
      "geometry": {
        "coordinates": [
          -2.1768304,
          53.4683964
        ],
        "type": "Point"
      },
      "id": "DCGB-OSM-WAY-703959498",
      "properties": {
        "eligible_for_company_binding": false,
        "facility_identity_status": "SOURCE_ELEMENT_ONLY",
        "lifecycle": "OPERATIONAL_OR_UNSPECIFIED",
        "name_raw": null,
        "operator_raw": null,
        "owner_raw": null,
        "source_attribution": "© OpenStreetMap contributors",
        "source_licence": "ODbL-1.0",
        "source_record_id": "DCGB-OSM-WAY-703959498",
        "source_url": "https://www.openstreetmap.org/way/703959498"
      },
      "type": "Feature"
    },
    {
      "geometry": {
        "coordinates": [
          -0.63761,
          51.5239361
        ],
        "type": "Point"
      },
      "id": "DCGB-OSM-WAY-705064992",
      "properties": {
        "eligible_for_company_binding": false,
        "facility_identity_status": "SOURCE_ELEMENT_ONLY",
        "lifecycle": "OPERATIONAL_OR_UNSPECIFIED",
        "name_raw": null,
        "operator_raw": null,
        "owner_raw": null,
        "source_attribution": "© OpenStreetMap contributors",
        "source_licence": "ODbL-1.0",
        "source_record_id": "DCGB-OSM-WAY-705064992",
        "source_url": "https://www.openstreetmap.org/way/705064992"
      },
      "type": "Feature"
    },
    {
      "geometry": {
        "coordinates": [
          -0.6269396,
          51.525944
        ],
        "type": "Point"
      },
      "id": "DCGB-OSM-WAY-705065012",
      "properties": {
        "eligible_for_company_binding": false,
        "facility_identity_status": "SOURCE_ELEMENT_ONLY",
        "lifecycle": "OPERATIONAL_OR_UNSPECIFIED",
        "name_raw": null,
        "operator_raw": null,
        "owner_raw": null,
        "source_attribution": "© OpenStreetMap contributors",
        "source_licence": "ODbL-1.0",
        "source_record_id": "DCGB-OSM-WAY-705065012",
        "source_url": "https://www.openstreetmap.org/way/705065012"
      },
      "type": "Feature"
    },
    {
      "geometry": {
        "coordinates": [
          -0.621693,
          51.5220534
        ],
        "type": "Point"
      },
      "id": "DCGB-OSM-WAY-705065014",
      "properties": {
        "eligible_for_company_binding": false,
        "facility_identity_status": "SOURCE_ELEMENT_ONLY",
        "lifecycle": "OPERATIONAL_OR_UNSPECIFIED",
        "name_raw": null,
        "operator_raw": null,
        "owner_raw": null,
        "source_attribution": "© OpenStreetMap contributors",
        "source_licence": "ODbL-1.0",
        "source_record_id": "DCGB-OSM-WAY-705065014",
        "source_url": "https://www.openstreetmap.org/way/705065014"
      },
      "type": "Feature"
    },
    {
      "geometry": {
        "coordinates": [
          -0.4538102,
          51.5105687
        ],
        "type": "Point"
      },
      "id": "DCGB-OSM-WAY-705085805",
      "properties": {
        "eligible_for_company_binding": false,
        "facility_identity_status": "SOURCE_ELEMENT_ONLY",
        "lifecycle": "OPERATIONAL_OR_UNSPECIFIED",
        "name_raw": null,
        "operator_raw": null,
        "owner_raw": null,
        "source_attribution": "© OpenStreetMap contributors",
        "source_licence": "ODbL-1.0",
        "source_record_id": "DCGB-OSM-WAY-705085805",
        "source_url": "https://www.openstreetmap.org/way/705085805"
      },
      "type": "Feature"
    },
    {
      "geometry": {
        "coordinates": [
          -0.4542871,
          51.5095441
        ],
        "type": "Point"
      },
      "id": "DCGB-OSM-WAY-705085806",
      "properties": {
        "eligible_for_company_binding": false,
        "facility_identity_status": "SOURCE_ELEMENT_ONLY",
        "lifecycle": "OPERATIONAL_OR_UNSPECIFIED",
        "name_raw": null,
        "operator_raw": null,
        "owner_raw": null,
        "source_attribution": "© OpenStreetMap contributors",
        "source_licence": "ODbL-1.0",
        "source_record_id": "DCGB-OSM-WAY-705085806",
        "source_url": "https://www.openstreetmap.org/way/705085806"
      },
      "type": "Feature"
    },
    {
      "geometry": {
        "coordinates": [
          -0.4566535,
          51.5108817
        ],
        "type": "Point"
      },
      "id": "DCGB-OSM-WAY-705085807",
      "properties": {
        "eligible_for_company_binding": false,
        "facility_identity_status": "SOURCE_ELEMENT_ONLY",
        "lifecycle": "OPERATIONAL_OR_UNSPECIFIED",
        "name_raw": null,
        "operator_raw": null,
        "owner_raw": null,
        "source_attribution": "© OpenStreetMap contributors",
        "source_licence": "ODbL-1.0",
        "source_record_id": "DCGB-OSM-WAY-705085807",
        "source_url": "https://www.openstreetmap.org/way/705085807"
      },
      "type": "Feature"
    },
    {
      "geometry": {
        "coordinates": [
          -0.2608292,
          51.5347469
        ],
        "type": "Point"
      },
      "id": "DCGB-OSM-WAY-706624099",
      "properties": {
        "eligible_for_company_binding": false,
        "facility_identity_status": "SOURCE_ELEMENT_ONLY",
        "lifecycle": "OPERATIONAL_OR_UNSPECIFIED",
        "name_raw": null,
        "operator_raw": null,
        "owner_raw": null,
        "source_attribution": "© OpenStreetMap contributors",
        "source_licence": "ODbL-1.0",
        "source_record_id": "DCGB-OSM-WAY-706624099",
        "source_url": "https://www.openstreetmap.org/way/706624099"
      },
      "type": "Feature"
    },
    {
      "geometry": {
        "coordinates": [
          -0.257339,
          51.5312555
        ],
        "type": "Point"
      },
      "id": "DCGB-OSM-WAY-706624302",
      "properties": {
        "eligible_for_company_binding": false,
        "facility_identity_status": "SOURCE_ELEMENT_ONLY",
        "lifecycle": "OPERATIONAL_OR_UNSPECIFIED",
        "name_raw": null,
        "operator_raw": null,
        "owner_raw": null,
        "source_attribution": "© OpenStreetMap contributors",
        "source_licence": "ODbL-1.0",
        "source_record_id": "DCGB-OSM-WAY-706624302",
        "source_url": "https://www.openstreetmap.org/way/706624302"
      },
      "type": "Feature"
    },
    {
      "geometry": {
        "coordinates": [
          -0.2576058,
          51.5319396
        ],
        "type": "Point"
      },
      "id": "DCGB-OSM-WAY-706624303",
      "properties": {
        "eligible_for_company_binding": false,
        "facility_identity_status": "SOURCE_ELEMENT_ONLY",
        "lifecycle": "OPERATIONAL_OR_UNSPECIFIED",
        "name_raw": null,
        "operator_raw": null,
        "owner_raw": null,
        "source_attribution": "© OpenStreetMap contributors",
        "source_licence": "ODbL-1.0",
        "source_record_id": "DCGB-OSM-WAY-706624303",
        "source_url": "https://www.openstreetmap.org/way/706624303"
      },
      "type": "Feature"
    },
    {
      "geometry": {
        "coordinates": [
          -1.3811263,
          52.5409438
        ],
        "type": "Point"
      },
      "id": "DCGB-OSM-WAY-710050084",
      "properties": {
        "eligible_for_company_binding": false,
        "facility_identity_status": "SOURCE_ELEMENT_ONLY",
        "lifecycle": "OPERATIONAL_OR_UNSPECIFIED",
        "name_raw": null,
        "operator_raw": null,
        "owner_raw": null,
        "source_attribution": "© OpenStreetMap contributors",
        "source_licence": "ODbL-1.0",
        "source_record_id": "DCGB-OSM-WAY-710050084",
        "source_url": "https://www.openstreetmap.org/way/710050084"
      },
      "type": "Feature"
    },
    {
      "geometry": {
        "coordinates": [
          -0.8188082,
          52.0421211
        ],
        "type": "Point"
      },
      "id": "DCGB-OSM-WAY-711646220",
      "properties": {
        "eligible_for_company_binding": false,
        "facility_identity_status": "SOURCE_ELEMENT_ONLY",
        "lifecycle": "OPERATIONAL_OR_UNSPECIFIED",
        "name_raw": null,
        "operator_raw": null,
        "owner_raw": null,
        "source_attribution": "© OpenStreetMap contributors",
        "source_licence": "ODbL-1.0",
        "source_record_id": "DCGB-OSM-WAY-711646220",
        "source_url": "https://www.openstreetmap.org/way/711646220"
      },
      "type": "Feature"
    },
    {
      "geometry": {
        "coordinates": [
          -0.6352072,
          51.5245814
        ],
        "type": "Point"
      },
      "id": "DCGB-OSM-WAY-712277376",
      "properties": {
        "eligible_for_company_binding": false,
        "facility_identity_status": "SOURCE_ELEMENT_ONLY",
        "lifecycle": "OPERATIONAL_OR_UNSPECIFIED",
        "name_raw": null,
        "operator_raw": null,
        "owner_raw": null,
        "source_attribution": "© OpenStreetMap contributors",
        "source_licence": "ODbL-1.0",
        "source_record_id": "DCGB-OSM-WAY-712277376",
        "source_url": "https://www.openstreetmap.org/way/712277376"
      },
      "type": "Feature"
    },
    {
      "geometry": {
        "coordinates": [
          -0.6329984,
          51.525353
        ],
        "type": "Point"
      },
      "id": "DCGB-OSM-WAY-712277377",
      "properties": {
        "eligible_for_company_binding": false,
        "facility_identity_status": "SOURCE_ELEMENT_ONLY",
        "lifecycle": "CONSTRUCTION",
        "name_raw": null,
        "operator_raw": null,
        "owner_raw": null,
        "source_attribution": "© OpenStreetMap contributors",
        "source_licence": "ODbL-1.0",
        "source_record_id": "DCGB-OSM-WAY-712277377",
        "source_url": "https://www.openstreetmap.org/way/712277377"
      },
      "type": "Feature"
    },
    {
      "geometry": {
        "coordinates": [
          -0.4045035,
          51.4964027
        ],
        "type": "Point"
      },
      "id": "DCGB-OSM-WAY-712298673",
      "properties": {
        "eligible_for_company_binding": false,
        "facility_identity_status": "SOURCE_ELEMENT_ONLY",
        "lifecycle": "OPERATIONAL_OR_UNSPECIFIED",
        "name_raw": null,
        "operator_raw": null,
        "owner_raw": null,
        "source_attribution": "© OpenStreetMap contributors",
        "source_licence": "ODbL-1.0",
        "source_record_id": "DCGB-OSM-WAY-712298673",
        "source_url": "https://www.openstreetmap.org/way/712298673"
      },
      "type": "Feature"
    },
    {
      "geometry": {
        "coordinates": [
          -0.2552866,
          51.5273111
        ],
        "type": "Point"
      },
      "id": "DCGB-OSM-WAY-713367718",
      "properties": {
        "eligible_for_company_binding": false,
        "facility_identity_status": "SOURCE_ELEMENT_ONLY",
        "lifecycle": "PROPOSED",
        "name_raw": null,
        "operator_raw": null,
        "owner_raw": null,
        "source_attribution": "© OpenStreetMap contributors",
        "source_licence": "ODbL-1.0",
        "source_record_id": "DCGB-OSM-WAY-713367718",
        "source_url": "https://www.openstreetmap.org/way/713367718"
      },
      "type": "Feature"
    },
    {
      "geometry": {
        "coordinates": [
          -0.6019958,
          51.1864311
        ],
        "type": "Point"
      },
      "id": "DCGB-OSM-WAY-713651005",
      "properties": {
        "eligible_for_company_binding": false,
        "facility_identity_status": "SOURCE_ELEMENT_ONLY",
        "lifecycle": "OPERATIONAL_OR_UNSPECIFIED",
        "name_raw": null,
        "operator_raw": null,
        "owner_raw": null,
        "source_attribution": "© OpenStreetMap contributors",
        "source_licence": "ODbL-1.0",
        "source_record_id": "DCGB-OSM-WAY-713651005",
        "source_url": "https://www.openstreetmap.org/way/713651005"
      },
      "type": "Feature"
    },
    {
      "geometry": {
        "coordinates": [
          -0.7668328,
          51.3330613
        ],
        "type": "Point"
      },
      "id": "DCGB-OSM-WAY-713940435",
      "properties": {
        "eligible_for_company_binding": false,
        "facility_identity_status": "SOURCE_ELEMENT_ONLY",
        "lifecycle": "OPERATIONAL_OR_UNSPECIFIED",
        "name_raw": null,
        "operator_raw": null,
        "owner_raw": null,
        "source_attribution": "© OpenStreetMap contributors",
        "source_licence": "ODbL-1.0",
        "source_record_id": "DCGB-OSM-WAY-713940435",
        "source_url": "https://www.openstreetmap.org/way/713940435"
      },
      "type": "Feature"
    },
    {
      "geometry": {
        "coordinates": [
          -2.2586128,
          53.3791499
        ],
        "type": "Point"
      },
      "id": "DCGB-OSM-WAY-726129785",
      "properties": {
        "eligible_for_company_binding": false,
        "facility_identity_status": "SOURCE_ELEMENT_ONLY",
        "lifecycle": "OPERATIONAL_OR_UNSPECIFIED",
        "name_raw": null,
        "operator_raw": null,
        "owner_raw": null,
        "source_attribution": "© OpenStreetMap contributors",
        "source_licence": "ODbL-1.0",
        "source_record_id": "DCGB-OSM-WAY-726129785",
        "source_url": "https://www.openstreetmap.org/way/726129785"
      },
      "type": "Feature"
    },
    {
      "geometry": {
        "coordinates": [
          0.5472057,
          51.2788289
        ],
        "type": "Point"
      },
      "id": "DCGB-OSM-WAY-729539167",
      "properties": {
        "eligible_for_company_binding": false,
        "facility_identity_status": "SOURCE_ELEMENT_ONLY",
        "lifecycle": "OPERATIONAL_OR_UNSPECIFIED",
        "name_raw": null,
        "operator_raw": null,
        "owner_raw": null,
        "source_attribution": "© OpenStreetMap contributors",
        "source_licence": "ODbL-1.0",
        "source_record_id": "DCGB-OSM-WAY-729539167",
        "source_url": "https://www.openstreetmap.org/way/729539167"
      },
      "type": "Feature"
    },
    {
      "geometry": {
        "coordinates": [
          -3.58071,
          51.4918316
        ],
        "type": "Point"
      },
      "id": "DCGB-OSM-WAY-732605607",
      "properties": {
        "eligible_for_company_binding": false,
        "facility_identity_status": "SOURCE_ELEMENT_ONLY",
        "lifecycle": "OPERATIONAL_OR_UNSPECIFIED",
        "name_raw": null,
        "operator_raw": null,
        "owner_raw": null,
        "source_attribution": "© OpenStreetMap contributors",
        "source_licence": "ODbL-1.0",
        "source_record_id": "DCGB-OSM-WAY-732605607",
        "source_url": "https://www.openstreetmap.org/way/732605607"
      },
      "type": "Feature"
    },
    {
      "geometry": {
        "coordinates": [
          -0.634531,
          51.5255429
        ],
        "type": "Point"
      },
      "id": "DCGB-OSM-WAY-735444062",
      "properties": {
        "eligible_for_company_binding": false,
        "facility_identity_status": "SOURCE_ELEMENT_ONLY",
        "lifecycle": "OPERATIONAL_OR_UNSPECIFIED",
        "name_raw": null,
        "operator_raw": null,
        "owner_raw": null,
        "source_attribution": "© OpenStreetMap contributors",
        "source_licence": "ODbL-1.0",
        "source_record_id": "DCGB-OSM-WAY-735444062",
        "source_url": "https://www.openstreetmap.org/way/735444062"
      },
      "type": "Feature"
    },
    {
      "geometry": {
        "coordinates": [
          -0.6282758,
          51.5194824
        ],
        "type": "Point"
      },
      "id": "DCGB-OSM-WAY-735444063",
      "properties": {
        "eligible_for_company_binding": false,
        "facility_identity_status": "SOURCE_ELEMENT_ONLY",
        "lifecycle": "OPERATIONAL_OR_UNSPECIFIED",
        "name_raw": null,
        "operator_raw": null,
        "owner_raw": null,
        "source_attribution": "© OpenStreetMap contributors",
        "source_licence": "ODbL-1.0",
        "source_record_id": "DCGB-OSM-WAY-735444063",
        "source_url": "https://www.openstreetmap.org/way/735444063"
      },
      "type": "Feature"
    },
    {
      "geometry": {
        "coordinates": [
          -1.5039339,
          55.0171282
        ],
        "type": "Point"
      },
      "id": "DCGB-OSM-WAY-749964337",
      "properties": {
        "eligible_for_company_binding": false,
        "facility_identity_status": "SOURCE_ELEMENT_ONLY",
        "lifecycle": "OPERATIONAL_OR_UNSPECIFIED",
        "name_raw": null,
        "operator_raw": null,
        "owner_raw": null,
        "source_attribution": "© OpenStreetMap contributors",
        "source_licence": "ODbL-1.0",
        "source_record_id": "DCGB-OSM-WAY-749964337",
        "source_url": "https://www.openstreetmap.org/way/749964337"
      },
      "type": "Feature"
    },
    {
      "geometry": {
        "coordinates": [
          -0.6289481,
          51.5165511
        ],
        "type": "Point"
      },
      "id": "DCGB-OSM-WAY-787209296",
      "properties": {
        "eligible_for_company_binding": false,
        "facility_identity_status": "SOURCE_ELEMENT_ONLY",
        "lifecycle": "OPERATIONAL_OR_UNSPECIFIED",
        "name_raw": null,
        "operator_raw": null,
        "owner_raw": null,
        "source_attribution": "© OpenStreetMap contributors",
        "source_licence": "ODbL-1.0",
        "source_record_id": "DCGB-OSM-WAY-787209296",
        "source_url": "https://www.openstreetmap.org/way/787209296"
      },
      "type": "Feature"
    },
    {
      "geometry": {
        "coordinates": [
          -0.6189915,
          51.5188766
        ],
        "type": "Point"
      },
      "id": "DCGB-OSM-WAY-787209399",
      "properties": {
        "eligible_for_company_binding": false,
        "facility_identity_status": "SOURCE_ELEMENT_ONLY",
        "lifecycle": "OPERATIONAL_OR_UNSPECIFIED",
        "name_raw": null,
        "operator_raw": null,
        "owner_raw": null,
        "source_attribution": "© OpenStreetMap contributors",
        "source_licence": "ODbL-1.0",
        "source_record_id": "DCGB-OSM-WAY-787209399",
        "source_url": "https://www.openstreetmap.org/way/787209399"
      },
      "type": "Feature"
    },
    {
      "geometry": {
        "coordinates": [
          -0.0488561,
          51.6961913
        ],
        "type": "Point"
      },
      "id": "DCGB-OSM-WAY-795170874",
      "properties": {
        "eligible_for_company_binding": false,
        "facility_identity_status": "SOURCE_ELEMENT_ONLY",
        "lifecycle": "OPERATIONAL_OR_UNSPECIFIED",
        "name_raw": null,
        "operator_raw": null,
        "owner_raw": null,
        "source_attribution": "© OpenStreetMap contributors",
        "source_licence": "ODbL-1.0",
        "source_record_id": "DCGB-OSM-WAY-795170874",
        "source_url": "https://www.openstreetmap.org/way/795170874"
      },
      "type": "Feature"
    },
    {
      "geometry": {
        "coordinates": [
          -6.6854646,
          55.1534408
        ],
        "type": "Point"
      },
      "id": "DCGB-OSM-WAY-813089664",
      "properties": {
        "eligible_for_company_binding": false,
        "facility_identity_status": "SOURCE_ELEMENT_ONLY",
        "lifecycle": "OPERATIONAL_OR_UNSPECIFIED",
        "name_raw": null,
        "operator_raw": null,
        "owner_raw": null,
        "source_attribution": "© OpenStreetMap contributors",
        "source_licence": "ODbL-1.0",
        "source_record_id": "DCGB-OSM-WAY-813089664",
        "source_url": "https://www.openstreetmap.org/way/813089664"
      },
      "type": "Feature"
    },
    {
      "geometry": {
        "coordinates": [
          0.1758028,
          51.547372
        ],
        "type": "Point"
      },
      "id": "DCGB-OSM-WAY-825504801",
      "properties": {
        "eligible_for_company_binding": false,
        "facility_identity_status": "SOURCE_ELEMENT_ONLY",
        "lifecycle": "OPERATIONAL_OR_UNSPECIFIED",
        "name_raw": null,
        "operator_raw": null,
        "owner_raw": null,
        "source_attribution": "© OpenStreetMap contributors",
        "source_licence": "ODbL-1.0",
        "source_record_id": "DCGB-OSM-WAY-825504801",
        "source_url": "https://www.openstreetmap.org/way/825504801"
      },
      "type": "Feature"
    },
    {
      "geometry": {
        "coordinates": [
          -1.2100338,
          52.578887
        ],
        "type": "Point"
      },
      "id": "DCGB-OSM-WAY-830370909",
      "properties": {
        "eligible_for_company_binding": false,
        "facility_identity_status": "SOURCE_ELEMENT_ONLY",
        "lifecycle": "OPERATIONAL_OR_UNSPECIFIED",
        "name_raw": null,
        "operator_raw": null,
        "owner_raw": null,
        "source_attribution": "© OpenStreetMap contributors",
        "source_licence": "ODbL-1.0",
        "source_record_id": "DCGB-OSM-WAY-830370909",
        "source_url": "https://www.openstreetmap.org/way/830370909"
      },
      "type": "Feature"
    },
    {
      "geometry": {
        "coordinates": [
          -1.2062397,
          52.5796263
        ],
        "type": "Point"
      },
      "id": "DCGB-OSM-WAY-830370910",
      "properties": {
        "eligible_for_company_binding": false,
        "facility_identity_status": "SOURCE_ELEMENT_ONLY",
        "lifecycle": "OPERATIONAL_OR_UNSPECIFIED",
        "name_raw": null,
        "operator_raw": null,
        "owner_raw": null,
        "source_attribution": "© OpenStreetMap contributors",
        "source_licence": "ODbL-1.0",
        "source_record_id": "DCGB-OSM-WAY-830370910",
        "source_url": "https://www.openstreetmap.org/way/830370910"
      },
      "type": "Feature"
    },
    {
      "geometry": {
        "coordinates": [
          -0.7972979,
          51.2817675
        ],
        "type": "Point"
      },
      "id": "DCGB-OSM-WAY-838655597",
      "properties": {
        "eligible_for_company_binding": false,
        "facility_identity_status": "SOURCE_ELEMENT_ONLY",
        "lifecycle": "OPERATIONAL_OR_UNSPECIFIED",
        "name_raw": null,
        "operator_raw": null,
        "owner_raw": null,
        "source_attribution": "© OpenStreetMap contributors",
        "source_licence": "ODbL-1.0",
        "source_record_id": "DCGB-OSM-WAY-838655597",
        "source_url": "https://www.openstreetmap.org/way/838655597"
      },
      "type": "Feature"
    },
    {
      "geometry": {
        "coordinates": [
          -0.7961314,
          51.2824757
        ],
        "type": "Point"
      },
      "id": "DCGB-OSM-WAY-838655598",
      "properties": {
        "eligible_for_company_binding": false,
        "facility_identity_status": "SOURCE_ELEMENT_ONLY",
        "lifecycle": "OPERATIONAL_OR_UNSPECIFIED",
        "name_raw": null,
        "operator_raw": null,
        "owner_raw": null,
        "source_attribution": "© OpenStreetMap contributors",
        "source_licence": "ODbL-1.0",
        "source_record_id": "DCGB-OSM-WAY-838655598",
        "source_url": "https://www.openstreetmap.org/way/838655598"
      },
      "type": "Feature"
    },
    {
      "geometry": {
        "coordinates": [
          -0.7957685,
          51.2821
        ],
        "type": "Point"
      },
      "id": "DCGB-OSM-WAY-838655599",
      "properties": {
        "eligible_for_company_binding": false,
        "facility_identity_status": "SOURCE_ELEMENT_ONLY",
        "lifecycle": "OPERATIONAL_OR_UNSPECIFIED",
        "name_raw": null,
        "operator_raw": null,
        "owner_raw": null,
        "source_attribution": "© OpenStreetMap contributors",
        "source_licence": "ODbL-1.0",
        "source_record_id": "DCGB-OSM-WAY-838655599",
        "source_url": "https://www.openstreetmap.org/way/838655599"
      },
      "type": "Feature"
    },
    {
      "geometry": {
        "coordinates": [
          -0.7954006,
          51.2817263
        ],
        "type": "Point"
      },
      "id": "DCGB-OSM-WAY-838655600",
      "properties": {
        "eligible_for_company_binding": false,
        "facility_identity_status": "SOURCE_ELEMENT_ONLY",
        "lifecycle": "OPERATIONAL_OR_UNSPECIFIED",
        "name_raw": null,
        "operator_raw": null,
        "owner_raw": null,
        "source_attribution": "© OpenStreetMap contributors",
        "source_licence": "ODbL-1.0",
        "source_record_id": "DCGB-OSM-WAY-838655600",
        "source_url": "https://www.openstreetmap.org/way/838655600"
      },
      "type": "Feature"
    },
    {
      "geometry": {
        "coordinates": [
          -0.7945139,
          51.2824377
        ],
        "type": "Point"
      },
      "id": "DCGB-OSM-WAY-838655601",
      "properties": {
        "eligible_for_company_binding": false,
        "facility_identity_status": "SOURCE_ELEMENT_ONLY",
        "lifecycle": "OPERATIONAL_OR_UNSPECIFIED",
        "name_raw": null,
        "operator_raw": null,
        "owner_raw": null,
        "source_attribution": "© OpenStreetMap contributors",
        "source_licence": "ODbL-1.0",
        "source_record_id": "DCGB-OSM-WAY-838655601",
        "source_url": "https://www.openstreetmap.org/way/838655601"
      },
      "type": "Feature"
    },
    {
      "geometry": {
        "coordinates": [
          -0.4101919,
          51.5016648
        ],
        "type": "Point"
      },
      "id": "DCGB-OSM-WAY-838773806",
      "properties": {
        "eligible_for_company_binding": false,
        "facility_identity_status": "SOURCE_ELEMENT_ONLY",
        "lifecycle": "OPERATIONAL_OR_UNSPECIFIED",
        "name_raw": null,
        "operator_raw": null,
        "owner_raw": null,
        "source_attribution": "© OpenStreetMap contributors",
        "source_licence": "ODbL-1.0",
        "source_record_id": "DCGB-OSM-WAY-838773806",
        "source_url": "https://www.openstreetmap.org/way/838773806"
      },
      "type": "Feature"
    },
    {
      "geometry": {
        "coordinates": [
          -0.4571888,
          51.5097605
        ],
        "type": "Point"
      },
      "id": "DCGB-OSM-WAY-838801558",
      "properties": {
        "eligible_for_company_binding": false,
        "facility_identity_status": "SOURCE_ELEMENT_ONLY",
        "lifecycle": "OPERATIONAL_OR_UNSPECIFIED",
        "name_raw": null,
        "operator_raw": null,
        "owner_raw": null,
        "source_attribution": "© OpenStreetMap contributors",
        "source_licence": "ODbL-1.0",
        "source_record_id": "DCGB-OSM-WAY-838801558",
        "source_url": "https://www.openstreetmap.org/way/838801558"
      },
      "type": "Feature"
    },
    {
      "geometry": {
        "coordinates": [
          -0.9424708,
          51.4569728
        ],
        "type": "Point"
      },
      "id": "DCGB-OSM-WAY-886580615",
      "properties": {
        "eligible_for_company_binding": false,
        "facility_identity_status": "SOURCE_ELEMENT_ONLY",
        "lifecycle": "OPERATIONAL_OR_UNSPECIFIED",
        "name_raw": null,
        "operator_raw": null,
        "owner_raw": null,
        "source_attribution": "© OpenStreetMap contributors",
        "source_licence": "ODbL-1.0",
        "source_record_id": "DCGB-OSM-WAY-886580615",
        "source_url": "https://www.openstreetmap.org/way/886580615"
      },
      "type": "Feature"
    },
    {
      "geometry": {
        "coordinates": [
          0.0565064,
          52.5837453
        ],
        "type": "Point"
      },
      "id": "DCGB-OSM-WAY-888760205",
      "properties": {
        "eligible_for_company_binding": false,
        "facility_identity_status": "SOURCE_ELEMENT_ONLY",
        "lifecycle": "OPERATIONAL_OR_UNSPECIFIED",
        "name_raw": null,
        "operator_raw": null,
        "owner_raw": null,
        "source_attribution": "© OpenStreetMap contributors",
        "source_licence": "ODbL-1.0",
        "source_record_id": "DCGB-OSM-WAY-888760205",
        "source_url": "https://www.openstreetmap.org/way/888760205"
      },
      "type": "Feature"
    },
    {
      "geometry": {
        "coordinates": [
          -2.9733309,
          53.3433136
        ],
        "type": "Point"
      },
      "id": "DCGB-OSM-WAY-891871959",
      "properties": {
        "eligible_for_company_binding": false,
        "facility_identity_status": "SOURCE_ELEMENT_ONLY",
        "lifecycle": "OPERATIONAL_OR_UNSPECIFIED",
        "name_raw": null,
        "operator_raw": null,
        "owner_raw": null,
        "source_attribution": "© OpenStreetMap contributors",
        "source_licence": "ODbL-1.0",
        "source_record_id": "DCGB-OSM-WAY-891871959",
        "source_url": "https://www.openstreetmap.org/way/891871959"
      },
      "type": "Feature"
    },
    {
      "geometry": {
        "coordinates": [
          -1.2500233,
          50.9067432
        ],
        "type": "Point"
      },
      "id": "DCGB-OSM-WAY-958673591",
      "properties": {
        "eligible_for_company_binding": false,
        "facility_identity_status": "SOURCE_ELEMENT_ONLY",
        "lifecycle": "OPERATIONAL_OR_UNSPECIFIED",
        "name_raw": null,
        "operator_raw": null,
        "owner_raw": null,
        "source_attribution": "© OpenStreetMap contributors",
        "source_licence": "ODbL-1.0",
        "source_record_id": "DCGB-OSM-WAY-958673591",
        "source_url": "https://www.openstreetmap.org/way/958673591"
      },
      "type": "Feature"
    },
    {
      "geometry": {
        "coordinates": [
          -2.3049271,
          53.5077832
        ],
        "type": "Point"
      },
      "id": "DCGB-OSM-WAY-981640451",
      "properties": {
        "eligible_for_company_binding": false,
        "facility_identity_status": "SOURCE_ELEMENT_ONLY",
        "lifecycle": "OPERATIONAL_OR_UNSPECIFIED",
        "name_raw": null,
        "operator_raw": null,
        "owner_raw": null,
        "source_attribution": "© OpenStreetMap contributors",
        "source_licence": "ODbL-1.0",
        "source_record_id": "DCGB-OSM-WAY-981640451",
        "source_url": "https://www.openstreetmap.org/way/981640451"
      },
      "type": "Feature"
    },
    {
      "geometry": {
        "coordinates": [
          -2.3045891,
          53.5062901
        ],
        "type": "Point"
      },
      "id": "DCGB-OSM-WAY-981640535",
      "properties": {
        "eligible_for_company_binding": false,
        "facility_identity_status": "SOURCE_ELEMENT_ONLY",
        "lifecycle": "OPERATIONAL_OR_UNSPECIFIED",
        "name_raw": null,
        "operator_raw": null,
        "owner_raw": null,
        "source_attribution": "© OpenStreetMap contributors",
        "source_licence": "ODbL-1.0",
        "source_record_id": "DCGB-OSM-WAY-981640535",
        "source_url": "https://www.openstreetmap.org/way/981640535"
      },
      "type": "Feature"
    },
    {
      "geometry": {
        "coordinates": [
          -0.6270685,
          51.515931
        ],
        "type": "Point"
      },
      "id": "DCGB-OSM-WAY-984002529",
      "properties": {
        "eligible_for_company_binding": false,
        "facility_identity_status": "SOURCE_ELEMENT_ONLY",
        "lifecycle": "OPERATIONAL_OR_UNSPECIFIED",
        "name_raw": null,
        "operator_raw": null,
        "owner_raw": null,
        "source_attribution": "© OpenStreetMap contributors",
        "source_licence": "ODbL-1.0",
        "source_record_id": "DCGB-OSM-WAY-984002529",
        "source_url": "https://www.openstreetmap.org/way/984002529"
      },
      "type": "Feature"
    },
    {
      "geometry": {
        "coordinates": [
          -0.4292808,
          51.7572082
        ],
        "type": "Point"
      },
      "id": "DCGB-OSM-WAY-989525011",
      "properties": {
        "eligible_for_company_binding": false,
        "facility_identity_status": "SOURCE_ELEMENT_ONLY",
        "lifecycle": "OPERATIONAL_OR_UNSPECIFIED",
        "name_raw": null,
        "operator_raw": null,
        "owner_raw": null,
        "source_attribution": "© OpenStreetMap contributors",
        "source_licence": "ODbL-1.0",
        "source_record_id": "DCGB-OSM-WAY-989525011",
        "source_url": "https://www.openstreetmap.org/way/989525011"
      },
      "type": "Feature"
    },
    {
      "geometry": {
        "coordinates": [
          -2.2194847,
          51.4174316
        ],
        "type": "Point"
      },
      "id": "DCGB-OSM-WAY-996865179",
      "properties": {
        "eligible_for_company_binding": false,
        "facility_identity_status": "SOURCE_ELEMENT_ONLY",
        "lifecycle": "OPERATIONAL_OR_UNSPECIFIED",
        "name_raw": null,
        "operator_raw": null,
        "owner_raw": null,
        "source_attribution": "© OpenStreetMap contributors",
        "source_licence": "ODbL-1.0",
        "source_record_id": "DCGB-OSM-WAY-996865179",
        "source_url": "https://www.openstreetmap.org/way/996865179"
      },
      "type": "Feature"
    },
    {
      "geometry": {
        "coordinates": [
          -2.2197302,
          51.4177591
        ],
        "type": "Point"
      },
      "id": "DCGB-OSM-WAY-996865180",
      "properties": {
        "eligible_for_company_binding": false,
        "facility_identity_status": "SOURCE_ELEMENT_ONLY",
        "lifecycle": "OPERATIONAL_OR_UNSPECIFIED",
        "name_raw": null,
        "operator_raw": null,
        "owner_raw": null,
        "source_attribution": "© OpenStreetMap contributors",
        "source_licence": "ODbL-1.0",
        "source_record_id": "DCGB-OSM-WAY-996865180",
        "source_url": "https://www.openstreetmap.org/way/996865180"
      },
      "type": "Feature"
    },
    {
      "geometry": {
        "coordinates": [
          0.0233541,
          51.5166504
        ],
        "type": "Point"
      },
      "id": "DCGB-OSM-WAY-1001246921",
      "properties": {
        "eligible_for_company_binding": false,
        "facility_identity_status": "SOURCE_ELEMENT_ONLY",
        "lifecycle": "OPERATIONAL_OR_UNSPECIFIED",
        "name_raw": null,
        "operator_raw": null,
        "owner_raw": null,
        "source_attribution": "© OpenStreetMap contributors",
        "source_licence": "ODbL-1.0",
        "source_record_id": "DCGB-OSM-WAY-1001246921",
        "source_url": "https://www.openstreetmap.org/way/1001246921"
      },
      "type": "Feature"
    },
    {
      "geometry": {
        "coordinates": [
          -2.1566924,
          52.2058954
        ],
        "type": "Point"
      },
      "id": "DCGB-OSM-WAY-1046859137",
      "properties": {
        "eligible_for_company_binding": false,
        "facility_identity_status": "SOURCE_ELEMENT_ONLY",
        "lifecycle": "OPERATIONAL_OR_UNSPECIFIED",
        "name_raw": null,
        "operator_raw": null,
        "owner_raw": null,
        "source_attribution": "© OpenStreetMap contributors",
        "source_licence": "ODbL-1.0",
        "source_record_id": "DCGB-OSM-WAY-1046859137",
        "source_url": "https://www.openstreetmap.org/way/1046859137"
      },
      "type": "Feature"
    },
    {
      "geometry": {
        "coordinates": [
          -1.0320237,
          54.5917636
        ],
        "type": "Point"
      },
      "id": "DCGB-OSM-WAY-1055031579",
      "properties": {
        "eligible_for_company_binding": false,
        "facility_identity_status": "SOURCE_ELEMENT_ONLY",
        "lifecycle": "OPERATIONAL_OR_UNSPECIFIED",
        "name_raw": null,
        "operator_raw": null,
        "owner_raw": null,
        "source_attribution": "© OpenStreetMap contributors",
        "source_licence": "ODbL-1.0",
        "source_record_id": "DCGB-OSM-WAY-1055031579",
        "source_url": "https://www.openstreetmap.org/way/1055031579"
      },
      "type": "Feature"
    },
    {
      "geometry": {
        "coordinates": [
          -1.7643629,
          51.5240125
        ],
        "type": "Point"
      },
      "id": "DCGB-OSM-WAY-1122158384",
      "properties": {
        "eligible_for_company_binding": false,
        "facility_identity_status": "SOURCE_ELEMENT_ONLY",
        "lifecycle": "OPERATIONAL_OR_UNSPECIFIED",
        "name_raw": null,
        "operator_raw": null,
        "owner_raw": null,
        "source_attribution": "© OpenStreetMap contributors",
        "source_licence": "ODbL-1.0",
        "source_record_id": "DCGB-OSM-WAY-1122158384",
        "source_url": "https://www.openstreetmap.org/way/1122158384"
      },
      "type": "Feature"
    },
    {
      "geometry": {
        "coordinates": [
          -1.2350678,
          54.5785009
        ],
        "type": "Point"
      },
      "id": "DCGB-OSM-WAY-1131944103",
      "properties": {
        "eligible_for_company_binding": false,
        "facility_identity_status": "SOURCE_ELEMENT_ONLY",
        "lifecycle": "OPERATIONAL_OR_UNSPECIFIED",
        "name_raw": null,
        "operator_raw": null,
        "owner_raw": null,
        "source_attribution": "© OpenStreetMap contributors",
        "source_licence": "ODbL-1.0",
        "source_record_id": "DCGB-OSM-WAY-1131944103",
        "source_url": "https://www.openstreetmap.org/way/1131944103"
      },
      "type": "Feature"
    },
    {
      "geometry": {
        "coordinates": [
          -0.7819399,
          51.4138567
        ],
        "type": "Point"
      },
      "id": "DCGB-OSM-WAY-1161721011",
      "properties": {
        "eligible_for_company_binding": false,
        "facility_identity_status": "SOURCE_ELEMENT_ONLY",
        "lifecycle": "OPERATIONAL_OR_UNSPECIFIED",
        "name_raw": null,
        "operator_raw": null,
        "owner_raw": null,
        "source_attribution": "© OpenStreetMap contributors",
        "source_licence": "ODbL-1.0",
        "source_record_id": "DCGB-OSM-WAY-1161721011",
        "source_url": "https://www.openstreetmap.org/way/1161721011"
      },
      "type": "Feature"
    },
    {
      "geometry": {
        "coordinates": [
          -0.7981341,
          51.2807055
        ],
        "type": "Point"
      },
      "id": "DCGB-OSM-WAY-1164817477",
      "properties": {
        "eligible_for_company_binding": false,
        "facility_identity_status": "SOURCE_ELEMENT_ONLY",
        "lifecycle": "OPERATIONAL_OR_UNSPECIFIED",
        "name_raw": null,
        "operator_raw": null,
        "owner_raw": null,
        "source_attribution": "© OpenStreetMap contributors",
        "source_licence": "ODbL-1.0",
        "source_record_id": "DCGB-OSM-WAY-1164817477",
        "source_url": "https://www.openstreetmap.org/way/1164817477"
      },
      "type": "Feature"
    },
    {
      "geometry": {
        "coordinates": [
          -3.0327479,
          51.554789
        ],
        "type": "Point"
      },
      "id": "DCGB-OSM-WAY-1198641381",
      "properties": {
        "eligible_for_company_binding": false,
        "facility_identity_status": "SOURCE_ELEMENT_ONLY",
        "lifecycle": "OPERATIONAL_OR_UNSPECIFIED",
        "name_raw": null,
        "operator_raw": null,
        "owner_raw": null,
        "source_attribution": "© OpenStreetMap contributors",
        "source_licence": "ODbL-1.0",
        "source_record_id": "DCGB-OSM-WAY-1198641381",
        "source_url": "https://www.openstreetmap.org/way/1198641381"
      },
      "type": "Feature"
    },
    {
      "geometry": {
        "coordinates": [
          -3.0404591,
          51.5509775
        ],
        "type": "Point"
      },
      "id": "DCGB-OSM-WAY-1213266502",
      "properties": {
        "eligible_for_company_binding": false,
        "facility_identity_status": "SOURCE_ELEMENT_ONLY",
        "lifecycle": "OPERATIONAL_OR_UNSPECIFIED",
        "name_raw": null,
        "operator_raw": null,
        "owner_raw": null,
        "source_attribution": "© OpenStreetMap contributors",
        "source_licence": "ODbL-1.0",
        "source_record_id": "DCGB-OSM-WAY-1213266502",
        "source_url": "https://www.openstreetmap.org/way/1213266502"
      },
      "type": "Feature"
    },
    {
      "geometry": {
        "coordinates": [
          -0.818456,
          51.8879741
        ],
        "type": "Point"
      },
      "id": "DCGB-OSM-WAY-1254986167",
      "properties": {
        "eligible_for_company_binding": false,
        "facility_identity_status": "SOURCE_ELEMENT_ONLY",
        "lifecycle": "OPERATIONAL_OR_UNSPECIFIED",
        "name_raw": null,
        "operator_raw": null,
        "owner_raw": null,
        "source_attribution": "© OpenStreetMap contributors",
        "source_licence": "ODbL-1.0",
        "source_record_id": "DCGB-OSM-WAY-1254986167",
        "source_url": "https://www.openstreetmap.org/way/1254986167"
      },
      "type": "Feature"
    },
    {
      "geometry": {
        "coordinates": [
          -5.9248945,
          54.5959499
        ],
        "type": "Point"
      },
      "id": "DCGB-OSM-WAY-1268715673",
      "properties": {
        "eligible_for_company_binding": false,
        "facility_identity_status": "SOURCE_ELEMENT_ONLY",
        "lifecycle": "OPERATIONAL_OR_UNSPECIFIED",
        "name_raw": null,
        "operator_raw": null,
        "owner_raw": null,
        "source_attribution": "© OpenStreetMap contributors",
        "source_licence": "ODbL-1.0",
        "source_record_id": "DCGB-OSM-WAY-1268715673",
        "source_url": "https://www.openstreetmap.org/way/1268715673"
      },
      "type": "Feature"
    },
    {
      "geometry": {
        "coordinates": [
          -1.2615655,
          51.6173524
        ],
        "type": "Point"
      },
      "id": "DCGB-OSM-WAY-1270223634",
      "properties": {
        "eligible_for_company_binding": false,
        "facility_identity_status": "SOURCE_ELEMENT_ONLY",
        "lifecycle": "OPERATIONAL_OR_UNSPECIFIED",
        "name_raw": null,
        "operator_raw": null,
        "owner_raw": null,
        "source_attribution": "© OpenStreetMap contributors",
        "source_licence": "ODbL-1.0",
        "source_record_id": "DCGB-OSM-WAY-1270223634",
        "source_url": "https://www.openstreetmap.org/way/1270223634"
      },
      "type": "Feature"
    },
    {
      "geometry": {
        "coordinates": [
          -1.2618997,
          51.6175657
        ],
        "type": "Point"
      },
      "id": "DCGB-OSM-WAY-1270223656",
      "properties": {
        "eligible_for_company_binding": false,
        "facility_identity_status": "SOURCE_ELEMENT_ONLY",
        "lifecycle": "OPERATIONAL_OR_UNSPECIFIED",
        "name_raw": null,
        "operator_raw": null,
        "owner_raw": null,
        "source_attribution": "© OpenStreetMap contributors",
        "source_licence": "ODbL-1.0",
        "source_record_id": "DCGB-OSM-WAY-1270223656",
        "source_url": "https://www.openstreetmap.org/way/1270223656"
      },
      "type": "Feature"
    },
    {
      "geometry": {
        "coordinates": [
          -2.0305574,
          52.5473033
        ],
        "type": "Point"
      },
      "id": "DCGB-OSM-WAY-1302091424",
      "properties": {
        "eligible_for_company_binding": false,
        "facility_identity_status": "SOURCE_ELEMENT_ONLY",
        "lifecycle": "OPERATIONAL_OR_UNSPECIFIED",
        "name_raw": null,
        "operator_raw": null,
        "owner_raw": null,
        "source_attribution": "© OpenStreetMap contributors",
        "source_licence": "ODbL-1.0",
        "source_record_id": "DCGB-OSM-WAY-1302091424",
        "source_url": "https://www.openstreetmap.org/way/1302091424"
      },
      "type": "Feature"
    },
    {
      "geometry": {
        "coordinates": [
          -0.2767751,
          51.5254151
        ],
        "type": "Point"
      },
      "id": "DCGB-OSM-WAY-1302345665",
      "properties": {
        "eligible_for_company_binding": false,
        "facility_identity_status": "SOURCE_ELEMENT_ONLY",
        "lifecycle": "PROPOSED",
        "name_raw": null,
        "operator_raw": null,
        "owner_raw": null,
        "source_attribution": "© OpenStreetMap contributors",
        "source_licence": "ODbL-1.0",
        "source_record_id": "DCGB-OSM-WAY-1302345665",
        "source_url": "https://www.openstreetmap.org/way/1302345665"
      },
      "type": "Feature"
    },
    {
      "geometry": {
        "coordinates": [
          0.5502103,
          52.3988688
        ],
        "type": "Point"
      },
      "id": "DCGB-OSM-WAY-1303852315",
      "properties": {
        "eligible_for_company_binding": false,
        "facility_identity_status": "SOURCE_ELEMENT_ONLY",
        "lifecycle": "OPERATIONAL_OR_UNSPECIFIED",
        "name_raw": null,
        "operator_raw": null,
        "owner_raw": null,
        "source_attribution": "© OpenStreetMap contributors",
        "source_licence": "ODbL-1.0",
        "source_record_id": "DCGB-OSM-WAY-1303852315",
        "source_url": "https://www.openstreetmap.org/way/1303852315"
      },
      "type": "Feature"
    },
    {
      "geometry": {
        "coordinates": [
          0.1293794,
          51.7701046
        ],
        "type": "Point"
      },
      "id": "DCGB-OSM-WAY-1305758728",
      "properties": {
        "eligible_for_company_binding": false,
        "facility_identity_status": "SOURCE_ELEMENT_ONLY",
        "lifecycle": "OPERATIONAL_OR_UNSPECIFIED",
        "name_raw": null,
        "operator_raw": null,
        "owner_raw": null,
        "source_attribution": "© OpenStreetMap contributors",
        "source_licence": "ODbL-1.0",
        "source_record_id": "DCGB-OSM-WAY-1305758728",
        "source_url": "https://www.openstreetmap.org/way/1305758728"
      },
      "type": "Feature"
    },
    {
      "geometry": {
        "coordinates": [
          -0.626252,
          51.5189576
        ],
        "type": "Point"
      },
      "id": "DCGB-OSM-WAY-1313579347",
      "properties": {
        "eligible_for_company_binding": false,
        "facility_identity_status": "SOURCE_ELEMENT_ONLY",
        "lifecycle": "OPERATIONAL_OR_UNSPECIFIED",
        "name_raw": null,
        "operator_raw": null,
        "owner_raw": null,
        "source_attribution": "© OpenStreetMap contributors",
        "source_licence": "ODbL-1.0",
        "source_record_id": "DCGB-OSM-WAY-1313579347",
        "source_url": "https://www.openstreetmap.org/way/1313579347"
      },
      "type": "Feature"
    },
    {
      "geometry": {
        "coordinates": [
          0.0025166,
          51.5424593
        ],
        "type": "Point"
      },
      "id": "DCGB-OSM-WAY-1322919061",
      "properties": {
        "eligible_for_company_binding": false,
        "facility_identity_status": "SOURCE_ELEMENT_ONLY",
        "lifecycle": "OPERATIONAL_OR_UNSPECIFIED",
        "name_raw": null,
        "operator_raw": null,
        "owner_raw": null,
        "source_attribution": "© OpenStreetMap contributors",
        "source_licence": "ODbL-1.0",
        "source_record_id": "DCGB-OSM-WAY-1322919061",
        "source_url": "https://www.openstreetmap.org/way/1322919061"
      },
      "type": "Feature"
    },
    {
      "geometry": {
        "coordinates": [
          -2.0210407,
          52.5297368
        ],
        "type": "Point"
      },
      "id": "DCGB-OSM-WAY-1349649740",
      "properties": {
        "eligible_for_company_binding": false,
        "facility_identity_status": "SOURCE_ELEMENT_ONLY",
        "lifecycle": "OPERATIONAL_OR_UNSPECIFIED",
        "name_raw": null,
        "operator_raw": null,
        "owner_raw": null,
        "source_attribution": "© OpenStreetMap contributors",
        "source_licence": "ODbL-1.0",
        "source_record_id": "DCGB-OSM-WAY-1349649740",
        "source_url": "https://www.openstreetmap.org/way/1349649740"
      },
      "type": "Feature"
    },
    {
      "geometry": {
        "coordinates": [
          -4.2691082,
          55.8583498
        ],
        "type": "Point"
      },
      "id": "DCGB-OSM-WAY-1414750854",
      "properties": {
        "eligible_for_company_binding": false,
        "facility_identity_status": "SOURCE_ELEMENT_ONLY",
        "lifecycle": "OPERATIONAL_OR_UNSPECIFIED",
        "name_raw": null,
        "operator_raw": null,
        "owner_raw": null,
        "source_attribution": "© OpenStreetMap contributors",
        "source_licence": "ODbL-1.0",
        "source_record_id": "DCGB-OSM-WAY-1414750854",
        "source_url": "https://www.openstreetmap.org/way/1414750854"
      },
      "type": "Feature"
    },
    {
      "geometry": {
        "coordinates": [
          -0.8333701,
          51.6798089
        ],
        "type": "Point"
      },
      "id": "DCGB-OSM-WAY-1460602301",
      "properties": {
        "eligible_for_company_binding": false,
        "facility_identity_status": "SOURCE_ELEMENT_ONLY",
        "lifecycle": "CONSTRUCTION",
        "name_raw": null,
        "operator_raw": null,
        "owner_raw": null,
        "source_attribution": "© OpenStreetMap contributors",
        "source_licence": "ODbL-1.0",
        "source_record_id": "DCGB-OSM-WAY-1460602301",
        "source_url": "https://www.openstreetmap.org/way/1460602301"
      },
      "type": "Feature"
    },
    {
      "geometry": {
        "coordinates": [
          -0.8324093,
          51.6788299
        ],
        "type": "Point"
      },
      "id": "DCGB-OSM-WAY-1460602302",
      "properties": {
        "eligible_for_company_binding": false,
        "facility_identity_status": "SOURCE_ELEMENT_ONLY",
        "lifecycle": "CONSTRUCTION",
        "name_raw": null,
        "operator_raw": null,
        "owner_raw": null,
        "source_attribution": "© OpenStreetMap contributors",
        "source_licence": "ODbL-1.0",
        "source_record_id": "DCGB-OSM-WAY-1460602302",
        "source_url": "https://www.openstreetmap.org/way/1460602302"
      },
      "type": "Feature"
    },
    {
      "geometry": {
        "coordinates": [
          -0.5946346,
          51.3805356
        ],
        "type": "Point"
      },
      "id": "DCGB-OSM-WAY-1481166632",
      "properties": {
        "eligible_for_company_binding": false,
        "facility_identity_status": "SOURCE_ELEMENT_ONLY",
        "lifecycle": "OPERATIONAL_OR_UNSPECIFIED",
        "name_raw": null,
        "operator_raw": null,
        "owner_raw": null,
        "source_attribution": "© OpenStreetMap contributors",
        "source_licence": "ODbL-1.0",
        "source_record_id": "DCGB-OSM-WAY-1481166632",
        "source_url": "https://www.openstreetmap.org/way/1481166632"
      },
      "type": "Feature"
    },
    {
      "geometry": {
        "coordinates": [
          -0.2592311,
          51.532972
        ],
        "type": "Point"
      },
      "id": "DCGB-OSM-WAY-1481464832",
      "properties": {
        "eligible_for_company_binding": false,
        "facility_identity_status": "SOURCE_ELEMENT_ONLY",
        "lifecycle": "OPERATIONAL_OR_UNSPECIFIED",
        "name_raw": null,
        "operator_raw": null,
        "owner_raw": null,
        "source_attribution": "© OpenStreetMap contributors",
        "source_licence": "ODbL-1.0",
        "source_record_id": "DCGB-OSM-WAY-1481464832",
        "source_url": "https://www.openstreetmap.org/way/1481464832"
      },
      "type": "Feature"
    },
    {
      "geometry": {
        "coordinates": [
          -0.2551627,
          51.5276722
        ],
        "type": "Point"
      },
      "id": "DCGB-OSM-WAY-1481464835",
      "properties": {
        "eligible_for_company_binding": false,
        "facility_identity_status": "SOURCE_ELEMENT_ONLY",
        "lifecycle": "OPERATIONAL_OR_UNSPECIFIED",
        "name_raw": null,
        "operator_raw": null,
        "owner_raw": null,
        "source_attribution": "© OpenStreetMap contributors",
        "source_licence": "ODbL-1.0",
        "source_record_id": "DCGB-OSM-WAY-1481464835",
        "source_url": "https://www.openstreetmap.org/way/1481464835"
      },
      "type": "Feature"
    },
    {
      "geometry": {
        "coordinates": [
          -0.2571097,
          51.5286059
        ],
        "type": "Point"
      },
      "id": "DCGB-OSM-WAY-1481471882",
      "properties": {
        "eligible_for_company_binding": false,
        "facility_identity_status": "SOURCE_ELEMENT_ONLY",
        "lifecycle": "OPERATIONAL_OR_UNSPECIFIED",
        "name_raw": null,
        "operator_raw": null,
        "owner_raw": null,
        "source_attribution": "© OpenStreetMap contributors",
        "source_licence": "ODbL-1.0",
        "source_record_id": "DCGB-OSM-WAY-1481471882",
        "source_url": "https://www.openstreetmap.org/way/1481471882"
      },
      "type": "Feature"
    },
    {
      "geometry": {
        "coordinates": [
          -0.0148988,
          51.4981784
        ],
        "type": "Point"
      },
      "id": "DCGB-OSM-WAY-1481564428",
      "properties": {
        "eligible_for_company_binding": false,
        "facility_identity_status": "SOURCE_ELEMENT_ONLY",
        "lifecycle": "OPERATIONAL_OR_UNSPECIFIED",
        "name_raw": null,
        "operator_raw": null,
        "owner_raw": null,
        "source_attribution": "© OpenStreetMap contributors",
        "source_licence": "ODbL-1.0",
        "source_record_id": "DCGB-OSM-WAY-1481564428",
        "source_url": "https://www.openstreetmap.org/way/1481564428"
      },
      "type": "Feature"
    },
    {
      "geometry": {
        "coordinates": [
          -0.5792971,
          51.5124753
        ],
        "type": "Point"
      },
      "id": "DCGB-OSM-WAY-1481787910",
      "properties": {
        "eligible_for_company_binding": false,
        "facility_identity_status": "SOURCE_ELEMENT_ONLY",
        "lifecycle": "OPERATIONAL_OR_UNSPECIFIED",
        "name_raw": null,
        "operator_raw": null,
        "owner_raw": null,
        "source_attribution": "© OpenStreetMap contributors",
        "source_licence": "ODbL-1.0",
        "source_record_id": "DCGB-OSM-WAY-1481787910",
        "source_url": "https://www.openstreetmap.org/way/1481787910"
      },
      "type": "Feature"
    },
    {
      "geometry": {
        "coordinates": [
          -0.578807,
          51.5130834
        ],
        "type": "Point"
      },
      "id": "DCGB-OSM-WAY-1481787911",
      "properties": {
        "eligible_for_company_binding": false,
        "facility_identity_status": "SOURCE_ELEMENT_ONLY",
        "lifecycle": "OPERATIONAL_OR_UNSPECIFIED",
        "name_raw": null,
        "operator_raw": null,
        "owner_raw": null,
        "source_attribution": "© OpenStreetMap contributors",
        "source_licence": "ODbL-1.0",
        "source_record_id": "DCGB-OSM-WAY-1481787911",
        "source_url": "https://www.openstreetmap.org/way/1481787911"
      },
      "type": "Feature"
    },
    {
      "geometry": {
        "coordinates": [
          -0.5768553,
          51.5134671
        ],
        "type": "Point"
      },
      "id": "DCGB-OSM-WAY-1481787912",
      "properties": {
        "eligible_for_company_binding": false,
        "facility_identity_status": "SOURCE_ELEMENT_ONLY",
        "lifecycle": "OPERATIONAL_OR_UNSPECIFIED",
        "name_raw": null,
        "operator_raw": null,
        "owner_raw": null,
        "source_attribution": "© OpenStreetMap contributors",
        "source_licence": "ODbL-1.0",
        "source_record_id": "DCGB-OSM-WAY-1481787912",
        "source_url": "https://www.openstreetmap.org/way/1481787912"
      },
      "type": "Feature"
    },
    {
      "geometry": {
        "coordinates": [
          -0.0054992,
          51.5106569
        ],
        "type": "Point"
      },
      "id": "DCGB-OSM-WAY-1482180008",
      "properties": {
        "eligible_for_company_binding": false,
        "facility_identity_status": "SOURCE_ELEMENT_ONLY",
        "lifecycle": "CONSTRUCTION",
        "name_raw": null,
        "operator_raw": null,
        "owner_raw": null,
        "source_attribution": "© OpenStreetMap contributors",
        "source_licence": "ODbL-1.0",
        "source_record_id": "DCGB-OSM-WAY-1482180008",
        "source_url": "https://www.openstreetmap.org/way/1482180008"
      },
      "type": "Feature"
    },
    {
      "geometry": {
        "coordinates": [
          -0.0865103,
          51.5242569
        ],
        "type": "Point"
      },
      "id": "DCGB-OSM-WAY-1482203073",
      "properties": {
        "eligible_for_company_binding": false,
        "facility_identity_status": "SOURCE_ELEMENT_ONLY",
        "lifecycle": "OPERATIONAL_OR_UNSPECIFIED",
        "name_raw": null,
        "operator_raw": null,
        "owner_raw": null,
        "source_attribution": "© OpenStreetMap contributors",
        "source_licence": "ODbL-1.0",
        "source_record_id": "DCGB-OSM-WAY-1482203073",
        "source_url": "https://www.openstreetmap.org/way/1482203073"
      },
      "type": "Feature"
    },
    {
      "geometry": {
        "coordinates": [
          -0.6183615,
          51.5176697
        ],
        "type": "Point"
      },
      "id": "DCGB-OSM-WAY-1482210622",
      "properties": {
        "eligible_for_company_binding": false,
        "facility_identity_status": "SOURCE_ELEMENT_ONLY",
        "lifecycle": "OPERATIONAL_OR_UNSPECIFIED",
        "name_raw": null,
        "operator_raw": null,
        "owner_raw": null,
        "source_attribution": "© OpenStreetMap contributors",
        "source_licence": "ODbL-1.0",
        "source_record_id": "DCGB-OSM-WAY-1482210622",
        "source_url": "https://www.openstreetmap.org/way/1482210622"
      },
      "type": "Feature"
    },
    {
      "geometry": {
        "coordinates": [
          -0.6202336,
          51.5217402
        ],
        "type": "Point"
      },
      "id": "DCGB-OSM-WAY-1493499780",
      "properties": {
        "eligible_for_company_binding": false,
        "facility_identity_status": "SOURCE_ELEMENT_ONLY",
        "lifecycle": "OPERATIONAL_OR_UNSPECIFIED",
        "name_raw": null,
        "operator_raw": null,
        "owner_raw": null,
        "source_attribution": "© OpenStreetMap contributors",
        "source_licence": "ODbL-1.0",
        "source_record_id": "DCGB-OSM-WAY-1493499780",
        "source_url": "https://www.openstreetmap.org/way/1493499780"
      },
      "type": "Feature"
    },
    {
      "geometry": {
        "coordinates": [
          -0.62038,
          51.5203218
        ],
        "type": "Point"
      },
      "id": "DCGB-OSM-WAY-1493499783",
      "properties": {
        "eligible_for_company_binding": false,
        "facility_identity_status": "SOURCE_ELEMENT_ONLY",
        "lifecycle": "OPERATIONAL_OR_UNSPECIFIED",
        "name_raw": null,
        "operator_raw": null,
        "owner_raw": null,
        "source_attribution": "© OpenStreetMap contributors",
        "source_licence": "ODbL-1.0",
        "source_record_id": "DCGB-OSM-WAY-1493499783",
        "source_url": "https://www.openstreetmap.org/way/1493499783"
      },
      "type": "Feature"
    },
    {
      "geometry": {
        "coordinates": [
          -0.394089,
          51.5095591
        ],
        "type": "Point"
      },
      "id": "DCGB-OSM-WAY-1495920404",
      "properties": {
        "eligible_for_company_binding": false,
        "facility_identity_status": "SOURCE_ELEMENT_ONLY",
        "lifecycle": "OPERATIONAL_OR_UNSPECIFIED",
        "name_raw": null,
        "operator_raw": null,
        "owner_raw": null,
        "source_attribution": "© OpenStreetMap contributors",
        "source_licence": "ODbL-1.0",
        "source_record_id": "DCGB-OSM-WAY-1495920404",
        "source_url": "https://www.openstreetmap.org/way/1495920404"
      },
      "type": "Feature"
    },
    {
      "geometry": {
        "coordinates": [
          -2.3706219,
          53.4499653
        ],
        "type": "Point"
      },
      "id": "DCGB-OSM-WAY-1535147042",
      "properties": {
        "eligible_for_company_binding": false,
        "facility_identity_status": "SOURCE_ELEMENT_ONLY",
        "lifecycle": "OPERATIONAL_OR_UNSPECIFIED",
        "name_raw": null,
        "operator_raw": null,
        "owner_raw": null,
        "source_attribution": "© OpenStreetMap contributors",
        "source_licence": "ODbL-1.0",
        "source_record_id": "DCGB-OSM-WAY-1535147042",
        "source_url": "https://www.openstreetmap.org/way/1535147042"
      },
      "type": "Feature"
    },
    {
      "geometry": {
        "coordinates": [
          -0.9756791,
          50.8664189
        ],
        "type": "Point"
      },
      "id": "DCGB-OSM-WAY-1540942790",
      "properties": {
        "eligible_for_company_binding": false,
        "facility_identity_status": "SOURCE_ELEMENT_ONLY",
        "lifecycle": "OPERATIONAL_OR_UNSPECIFIED",
        "name_raw": null,
        "operator_raw": null,
        "owner_raw": null,
        "source_attribution": "© OpenStreetMap contributors",
        "source_licence": "ODbL-1.0",
        "source_record_id": "DCGB-OSM-WAY-1540942790",
        "source_url": "https://www.openstreetmap.org/way/1540942790"
      },
      "type": "Feature"
    },
    {
      "geometry": {
        "coordinates": [
          -0.2639709,
          51.5306102
        ],
        "type": "Point"
      },
      "id": "DCGB-OSM-WAY-1542072469",
      "properties": {
        "eligible_for_company_binding": false,
        "facility_identity_status": "SOURCE_ELEMENT_ONLY",
        "lifecycle": "PROPOSED",
        "name_raw": null,
        "operator_raw": null,
        "owner_raw": null,
        "source_attribution": "© OpenStreetMap contributors",
        "source_licence": "ODbL-1.0",
        "source_record_id": "DCGB-OSM-WAY-1542072469",
        "source_url": "https://www.openstreetmap.org/way/1542072469"
      },
      "type": "Feature"
    },
    {
      "geometry": {
        "coordinates": [
          -0.3099253,
          51.5128133
        ],
        "type": "Point"
      },
      "id": "DCGB-OSM-WAY-1543080891",
      "properties": {
        "eligible_for_company_binding": false,
        "facility_identity_status": "SOURCE_ELEMENT_ONLY",
        "lifecycle": "OPERATIONAL_OR_UNSPECIFIED",
        "name_raw": null,
        "operator_raw": null,
        "owner_raw": null,
        "source_attribution": "© OpenStreetMap contributors",
        "source_licence": "ODbL-1.0",
        "source_record_id": "DCGB-OSM-WAY-1543080891",
        "source_url": "https://www.openstreetmap.org/way/1543080891"
      },
      "type": "Feature"
    },
    {
      "geometry": {
        "coordinates": [
          0.1038561,
          51.8715672
        ],
        "type": "Point"
      },
      "id": "DCGB-OSM-WAY-1545372119",
      "properties": {
        "eligible_for_company_binding": false,
        "facility_identity_status": "SOURCE_ELEMENT_ONLY",
        "lifecycle": "PROPOSED",
        "name_raw": null,
        "operator_raw": null,
        "owner_raw": null,
        "source_attribution": "© OpenStreetMap contributors",
        "source_licence": "ODbL-1.0",
        "source_record_id": "DCGB-OSM-WAY-1545372119",
        "source_url": "https://www.openstreetmap.org/way/1545372119"
      },
      "type": "Feature"
    },
    {
      "geometry": {
        "coordinates": [
          -0.1321309,
          51.5377102
        ],
        "type": "Point"
      },
      "id": "DCGB-OSM-WAY-1545872018",
      "properties": {
        "eligible_for_company_binding": false,
        "facility_identity_status": "SOURCE_ELEMENT_ONLY",
        "lifecycle": "OPERATIONAL_OR_UNSPECIFIED",
        "name_raw": null,
        "operator_raw": null,
        "owner_raw": null,
        "source_attribution": "© OpenStreetMap contributors",
        "source_licence": "ODbL-1.0",
        "source_record_id": "DCGB-OSM-WAY-1545872018",
        "source_url": "https://www.openstreetmap.org/way/1545872018"
      },
      "type": "Feature"
    },
    {
      "geometry": {
        "coordinates": [
          -3.2506058,
          55.9251066
        ],
        "type": "Point"
      },
      "id": "DCGB-OSM-WAY-1548060501",
      "properties": {
        "eligible_for_company_binding": false,
        "facility_identity_status": "SOURCE_ELEMENT_ONLY",
        "lifecycle": "OPERATIONAL_OR_UNSPECIFIED",
        "name_raw": null,
        "operator_raw": null,
        "owner_raw": null,
        "source_attribution": "© OpenStreetMap contributors",
        "source_licence": "ODbL-1.0",
        "source_record_id": "DCGB-OSM-WAY-1548060501",
        "source_url": "https://www.openstreetmap.org/way/1548060501"
      },
      "type": "Feature"
    },
    {
      "geometry": {
        "coordinates": [
          -2.6392925,
          53.4750243
        ],
        "type": "Point"
      },
      "id": "DCGB-OSM-WAY-1551100328",
      "properties": {
        "eligible_for_company_binding": false,
        "facility_identity_status": "SOURCE_ELEMENT_ONLY",
        "lifecycle": "OPERATIONAL_OR_UNSPECIFIED",
        "name_raw": null,
        "operator_raw": null,
        "owner_raw": null,
        "source_attribution": "© OpenStreetMap contributors",
        "source_licence": "ODbL-1.0",
        "source_record_id": "DCGB-OSM-WAY-1551100328",
        "source_url": "https://www.openstreetmap.org/way/1551100328"
      },
      "type": "Feature"
    }
  ],
  "generation": "202608281053",
  "licence": "ODbL-1.0",
  "name": "OSM data-centre source elements — not deduplicated facilities",
  "type": "FeatureCollection"
}
